GeoID,Years,GeoType,TotalPop,PctRural,PctMinority,PctHispanic,PctBlackNH,PctAPINH,Pct_forborn,PctDisabled,PctEducLHS,PctEducBchPlus,Pct100Pov,PctNoHealthIns,N_BINGE,N_CERVICAL,N_CHECKUP,N_COLON_SCREEN,N_COREM,N_COREW,N_CSMOKING,N_LPA,N_MAMMOUSE,N_OBESITY
34001,01yr,County,274549,12.71,41.41,16.84,14.89,7.46,16.48,10.48,15.4,25.1,15.17,12.9,17.19293132,81.22246812,76.37693818,68.45334385,37.32640731,32.6867561,16.48821048,28.92249689,75.43156814,35.47882309
34001,05yrs,County,274549,12.71,41.41,16.84,14.89,7.46,16.48,10.48,15.4,25.1,15.17,12.9,17.19293132,81.22246812,76.37693818,68.45334385,37.32640731,32.6867561,16.48821048,28.92249689,75.43156814,35.47882309
34001,10yrs,County,274549,12.71,41.41,16.84,14.89,7.46,16.48,10.48,15.4,25.1,15.17,12.9,17.19293132,81.22246812,76.37693818,68.45334385,37.32640731,32.6867561,16.48821048,28.92249689,75.43156814,35.47882309
34003,01yr,County,905116,0.1,37.46,16.05,5.18,14.44,30.19,5.33,8.3,46.9,7.42,11.1,15.81499808,83.32014758,74.75517613,69.51403146,42.83092399,39.09863675,11.47800923,23.28928822,76.55421824,25.87690539
34003,05yrs,County,905116,0.1,37.46,16.05,5.18,14.44,30.19,5.33,8.3,46.9,7.42,11.1,15.81499808,83.32014758,74.75517613,69.51403146,42.83092399,39.09863675,11.47800923,23.28928822,76.55421824,25.87690539
34003,10yrs,County,905116,0.1,37.46,16.05,5.18,14.44,30.19,5.33,8.3,46.9,7.42,11.1,15.81499808,83.32014758,74.75517613,69.51403146,42.83092399,39.09863675,11.47800923,23.28928822,76.55421824,25.87690539
34005,01yr,County,448734,6.66,29.35,6.42,15.88,4.32,9.31,8.13,7.4,35.7,6.36,6.8,17.58639818,85.21135996,75.69528117,70.31011602,37.84650277,43.25926919,13.86659402,21.6987311,76.88091141,32.78396511
34005,05yrs,County,448734,6.66,29.35,6.42,15.88,4.32,9.31,8.13,7.4,35.7,6.36,6.8,17.58639818,85.21135996,75.69528117,70.31011602,37.84650277,43.25926919,13.86659402,21.6987311,76.88091141,32.78396511
34005,10yrs,County,448734,6.66,29.35,6.42,15.88,4.32,9.31,8.13,7.4,35.7,6.36,6.8,17.58639818,85.21135996,75.69528117,70.31011602,37.84650277,43.25926919,13.86659402,21.6987311,76.88091141,32.78396511
34007,01yr,County,513657,1.62,39.72,14.24,18.45,5.09,10.91,10.91,12.1,30.2,13.23,10.7,16.99919577,83.38595308,74.88929675,66.99171782,44.92657824,33.18935613,16.27962006,27.424676,75.2793331,31.28005731
34007,05yrs,County,513657,1.62,39.72,14.24,18.45,5.09,10.91,10.91,12.1,30.2,13.23,10.7,16.99919577,83.38595308,74.88929675,66.99171782,44.92657824,33.18935613,16.27962006,27.424676,75.2793331,31.28005731
34007,10yrs,County,513657,1.62,39.72,14.24,18.45,5.09,10.91,10.91,12.1,30.2,13.23,10.7,16.99919577,83.38595308,74.88929675,66.99171782,44.92657824,33.18935613,16.27962006,27.424676,75.2793331,31.28005731
34009,01yr,County,97265,17.45,13.1,6.22,4.36,0.87,5.58,10.98,10.5,29.9,10.42,8.8,16.63003547,81.69512569,77.95297383,72.55867578,48.96026011,40.69495708,15.04951524,24.69600576,76.05299028,32.4502596
34009,05yrs,County,97265,17.45,13.1,6.22,4.36,0.87,5.58,10.98,10.5,29.9,10.42,8.8,16.63003547,81.69512569,77.95297383,72.55867578,48.96026011,40.69495708,15.04951524,24.69600576,76.05299028,32.4502596
34009,10yrs,County,97265,17.45,13.1,6.22,4.36,0.87,5.58,10.98,10.5,29.9,10.42,8.8,16.63003547,81.69512569,77.95297383,72.55867578,48.96026011,40.69495708,15.04951524,24.69600576,76.05299028,32.4502596
34011,01yr,County,156898,23.03,49.69,27.06,18.72,1.2,10.4,13.62,22.5,14.6,17.85,13.4,16.98278436,79.87574475,73.62162551,63.71330928,38.41780392,28.08972209,19.97899909,35.29368316,75.86476337,38.63295899
34011,05yrs,County,156898,23.03,49.69,27.06,18.72,1.2,10.4,13.62,22.5,14.6,17.85,13.4,16.98278436,79.87574475,73.62162551,63.71330928,38.41780392,28.08972209,19.97899909,35.29368316,75.86476337,38.63295899
34011,10yrs,County,156898,23.03,49.69,27.06,18.72,1.2,10.4,13.62,22.5,14.6,17.85,13.4,16.98278436,79.87574475,73.62162551,63.71330928,38.41780392,28.08972209,19.97899909,35.29368316,75.86476337,38.63295899
34013,01yr,County,783969,0.01,66.81,20.3,39.33,4.52,25.52,10.7,15.8,32.7,17.31,16.2,15.45922696,82.15324624,76.36881548,69.50710475,35.59450221,33.20416432,14.62805226,28.31461295,80.51451103,32.83245358
34013,05yrs,County,783969,0.01,66.81,20.3,39.33,4.52,25.52,10.7,15.8,32.7,17.31,16.2,15.45922696,82.15324624,76.36881548,69.50710475,35.59450221,33.20416432,14.62805226,28.31461295,80.51451103,32.83245358
34013,10yrs,County,783969,0.01,66.81,20.3,39.33,4.52,25.52,10.7,15.8,32.7,17.31,16.2,15.45922696,82.15324624,76.36881548,69.50710475,35.59450221,33.20416432,14.62805226,28.31461295,80.51451103,32.83245358
34015,01yr,County,288288,8.35,18.94,4.76,9.68,2.63,5.45,10.27,8.4,29.3,8.11,7.5,18.25138334,85.38234023,74.16725046,66.48412629,45.29145993,35.99238747,14.4807453,21.69699571,76.11809753,31.50395195
34015,05yrs,County,288288,8.35,18.94,4.76,9.68,2.63,5.45,10.27,8.4,29.3,8.11,7.5,18.25138334,85.38234023,74.16725046,66.48412629,45.29145993,35.99238747,14.4807453,21.69699571,76.11809753,31.50395195
34015,10yrs,County,288288,8.35,18.94,4.76,9.68,2.63,5.45,10.27,8.4,29.3,8.11,7.5,18.25138334,85.38234023,74.16725046,66.48412629,45.29145993,35.99238747,14.4807453,21.69699571,76.11809753,31.50395195
34017,01yr,County,634266,0,69.18,42.23,11.24,13.24,41.91,7.13,17.1,37.5,17.51,19.4,16.25861989,80.64057824,71.11993738,62.26127823,30.98827763,33.25088354,13.11130425,27.37149508,76.67078718,25.87452236
34017,05yrs,County,634266,0,69.18,42.23,11.24,13.24,41.91,7.13,17.1,37.5,17.51,19.4,16.25861989,80.64057824,71.11993738,62.26127823,30.98827763,33.25088354,13.11130425,27.37149508,76.67078718,25.87452236
34017,10yrs,County,634266,0,69.18,42.23,11.24,13.24,41.91,7.13,17.1,37.5,17.51,19.4,16.25861989,80.64057824,71.11993738,62.26127823,30.98827763,33.25088354,13.11130425,27.37149508,76.67078718,25.87452236
34019,01yr,County,128349,49.57,12.26,5.24,2.52,3.26,8.69,5.74,5.5,48.7,4.4,4.5,18.51939555,86.8794194,75.63739102,70.62625498,44.29152078,41.06836672,11.29285853,18.70143125,75.88357525,29.64238989
34019,05yrs,County,128349,49.57,12.26,5.24,2.52,3.26,8.69,5.74,5.5,48.7,4.4,4.5,18.51939555,86.8794194,75.63739102,70.62625498,44.29152078,41.06836672,11.29285853,18.70143125,75.88357525,29.64238989
34019,10yrs,County,128349,49.57,12.26,5.24,2.52,3.26,8.69,5.74,5.5,48.7,4.4,4.5,18.51939555,86.8794194,75.63739102,70.62625498,44.29152078,41.06836672,11.29285853,18.70143125,75.88357525,29.64238989
34021,01yr,County,366513,3.48,45.46,15.09,19.47,8.92,21.48,8.12,12.6,39.6,11.47,10.4,15.21484368,85.06229411,71.6987864,69.02206716,34.60680085,39.8864997,14.68104433,23.77783571,80.39779271,24.40422031
34021,05yrs,County,366513,3.48,45.46,15.09,19.47,8.92,21.48,8.12,12.6,39.6,11.47,10.4,15.21484368,85.06229411,71.6987864,69.02206716,34.60680085,39.8864997,14.68104433,23.77783571,80.39779271,24.40422031
34021,10yrs,County,366513,3.48,45.46,15.09,19.47,8.92,21.48,8.12,12.6,39.6,11.47,10.4,15.21484368,85.06229411,71.6987864,69.02206716,34.60680085,39.8864997,14.68104433,23.77783571,80.39779271,24.40422031
34023,01yr,County,809858,0.67,50.77,18.4,8.84,21.32,31.89,5.99,11.2,41,8.83,11.5,14.04432098,82.63677892,74.01511549,65.98933381,42.11268247,35.1818946,11.67781537,22.24811918,77.02166479,28.98183311
34023,05yrs,County,809858,0.67,50.77,18.4,8.84,21.32,31.89,5.99,11.2,41,8.83,11.5,14.04432098,82.63677892,74.01511549,65.98933381,42.11268247,35.1818946,11.67781537,22.24811918,77.02166479,28.98183311
34023,10yrs,County,809858,0.67,50.77,18.4,8.84,21.32,31.89,5.99,11.2,41,8.83,11.5,14.04432098,82.63677892,74.01511549,65.98933381,42.11268247,35.1818946,11.67781537,22.24811918,77.02166479,28.98183311
34025,01yr,County,630380,3.73,23.31,9.67,6.97,4.95,13.3,6.86,7.3,42.5,7.47,9.1,17.22416334,85.42027765,74.35506057,69.49234855,38.64447145,35.12294875,12.68467806,20.76516425,74.37637508,27.95032886
34025,05yrs,County,630380,3.73,23.31,9.67,6.97,4.95,13.3,6.86,7.3,42.5,7.47,9.1,17.22416334,85.42027765,74.35506057,69.49234855,38.64447145,35.12294875,12.68467806,20.76516425,74.37637508,27.95032886
34025,10yrs,County,630380,3.73,23.31,9.67,6.97,4.95,13.3,6.86,7.3,42.5,7.47,9.1,17.22416334,85.42027765,74.35506057,69.49234855,38.64447145,35.12294875,12.68467806,20.76516425,74.37637508,27.95032886
34027,01yr,County,492276,6.77,24.93,11.47,2.87,8.92,18.79,4.85,6.2,51,4.5,7.5,17.81848394,85.00746309,73.34999777,73.1621507,41.62253065,39.61144907,11.13757404,18.69598802,78.28356064,25.58785966
34027,05yrs,County,492276,6.77,24.93,11.47,2.87,8.92,18.79,4.85,6.2,51,4.5,7.5,17.81848394,85.00746309,73.34999777,73.1621507,41.62253065,39.61144907,11.13757404,18.69598802,78.28356064,25.58785966
34027,10yrs,County,492276,6.77,24.93,11.47,2.87,8.92,18.79,4.85,6.2,51,4.5,7.5,17.81848394,85.00746309,73.34999777,73.1621507,41.62253065,39.61144907,11.13757404,18.69598802,78.28356064,25.58785966
34029,01yr,County,576567,2.9,14.05,8.29,2.88,1.74,7.93,9.66,9.5,26.9,11.25,8.5,15.32308082,84.11033403,73.1139725,68.93993593,40.44122825,32.92138681,13.70836199,25.93007054,72.77097896,31.66086659
34029,05yrs,County,576567,2.9,14.05,8.29,2.88,1.74,7.93,9.66,9.5,26.9,11.25,8.5,15.32308082,84.11033403,73.1139725,68.93993593,40.44122825,32.92138681,13.70836199,25.93007054,72.77097896,31.66086659
34029,10yrs,County,576567,2.9,14.05,8.29,2.88,1.74,7.93,9.66,9.5,26.9,11.25,8.5,15.32308082,84.11033403,73.1139725,68.93993593,40.44122825,32.92138681,13.70836199,25.93007054,72.77097896,31.66086659
34031,01yr,County,501226,2.41,54.68,37.04,11.07,4.91,28.29,6.56,17.7,26,16.66,16.4,16.18160451,81.40212918,73.58127451,65.95421487,38.33771313,28.7996323,14.14300515,32.23653123,74.45473459,31.52749518
34031,05yrs,County,501226,2.41,54.68,37.04,11.07,4.91,28.29,6.56,17.7,26,16.66,16.4,16.18160451,81.40212918,73.58127451,65.95421487,38.33771313,28.7996323,14.14300515,32.23653123,74.45473459,31.52749518
34031,10yrs,County,501226,2.41,54.68,37.04,11.07,4.91,28.29,6.56,17.7,26,16.66,16.4,16.18160451,81.40212918,73.58127451,65.95421487,38.33771313,28.7996323,14.14300515,32.23653123,74.45473459,31.52749518
34033,01yr,County,66083,45.3,23.22,6.82,13.53,0.84,5.24,13.21,13.6,20.3,13.49,9.6,16.25296218,82.17825916,75.89984111,68.23644508,47.14223779,31.02699181,17.73163597,29.58335578,74.39782244,36.06304345
34033,05yrs,County,66083,45.3,23.22,6.82,13.53,0.84,5.24,13.21,13.6,20.3,13.49,9.6,16.25296218,82.17825916,75.89984111,68.23644508,47.14223779,31.02699181,17.73163597,29.58335578,74.39782244,36.06304345
34033,10yrs,County,66083,45.3,23.22,6.82,13.53,0.84,5.24,13.21,13.6,20.3,13.49,9.6,16.25296218,82.17825916,75.89984111,68.23644508,47.14223779,31.02699181,17.73163597,29.58335578,74.39782244,36.06304345
34035,01yr,County,323444,5.79,37.59,13.01,8.5,14.08,24.19,5.1,5.9,52.5,5.04,8,15.99797801,85.27262339,73.53871768,69.07592474,37.04634496,36.33749552,10.70349705,20.71476237,76.17347423,26.51914118
34035,05yrs,County,323444,5.79,37.59,13.01,8.5,14.08,24.19,5.1,5.9,52.5,5.04,8,15.99797801,85.27262339,73.53871768,69.07592474,37.04634496,36.33749552,10.70349705,20.71476237,76.17347423,26.51914118
34035,10yrs,County,323444,5.79,37.59,13.01,8.5,14.08,24.19,5.1,5.9,52.5,5.04,8,15.99797801,85.27262339,73.53871768,69.07592474,37.04634496,36.33749552,10.70349705,20.71476237,76.17347423,26.51914118
34037,01yr,County,149265,39.85,11.24,6.44,1.64,1.76,7.75,7.58,6.1,33.8,5.7,8,19.5180069,84.95407363,75.09345794,68.25312699,36.38777074,34.43926507,13.36540582,21.063605,74.41366295,32.8119452
34037,05yrs,County,149265,39.85,11.24,6.44,1.64,1.76,7.75,7.58,6.1,33.8,5.7,8,19.5180069,84.95407363,75.09345794,68.25312699,36.38777074,34.43926507,13.36540582,21.063605,74.41366295,32.8119452
34037,10yrs,County,149265,39.85,11.24,6.44,1.64,1.76,7.75,7.58,6.1,33.8,5.7,8,19.5180069,84.95407363,75.09345794,68.25312699,36.38777074,34.43926507,13.36540582,21.063605,74.41366295,32.8119452
34039,01yr,County,536499,0,54.65,27.34,20.82,4.59,29.52,6.67,14.4,32.6,10.89,15.1,16.31143339,84.88614312,76.70212433,68.22468318,36.18822402,29.86039844,13.681857,26.07463089,77.11988727,28.9784378
34039,05yrs,County,536499,0,54.65,27.34,20.82,4.59,29.52,6.67,14.4,32.6,10.89,15.1,16.31143339,84.88614312,76.70212433,68.22468318,36.18822402,29.86039844,13.681857,26.07463089,77.11988727,28.9784378
34039,10yrs,County,536499,0,54.65,27.34,20.82,4.59,29.52,6.67,14.4,32.6,10.89,15.1,16.31143339,84.88614312,76.70212433,68.22468318,36.18822402,29.86039844,13.681857,26.07463089,77.11988727,28.9784378
34041,01yr,County,108692,37.56,14.29,7.05,3.3,2.45,9.25,8.58,10,29.9,7.97,8.9,17.17403213,83.96354654,75.69622511,69.34806241,33.21478214,38.57885953,14.52909138,23.32521897,72.09195065,31.58397766
34041,05yrs,County,108692,37.56,14.29,7.05,3.3,2.45,9.25,8.58,10,29.9,7.97,8.9,17.17403213,83.96354654,75.69622511,69.34806241,33.21478214,38.57885953,14.52909138,23.32521897,72.09195065,31.58397766
34041,10yrs,County,108692,37.56,14.29,7.05,3.3,2.45,9.25,8.58,10,29.9,7.97,8.9,17.17403213,83.96354654,75.69622511,69.34806241,33.21478214,38.57885953,14.52909138,23.32521897,72.09195065,31.58397766
US,01yr,Nationwide,308745538,19.27,36.25,16.35,12.21,4.84,13.18,10.27,13.3,29.8,15.47,13,15.2,,77.7,66.3,,,11.4,24.5,76.5,32.8
US,05yrs,Nationwide,308745538,19.27,36.25,16.35,12.21,4.84,13.18,10.27,13.3,29.8,15.47,13,15.2,,77.7,66.3,,,11.4,24.5,76.5,32.8
US,10yrs,Nationwide,308745538,19.27,36.25,16.35,12.21,4.84,13.18,10.27,13.3,29.8,15.47,13,15.2,,77.7,66.3,,,11.4,24.5,76.5,32.8
34,01yr,State,8791894,5.32,40.69,17.69,12.8,8.21,21.66,7.72,11.4,36.8,10.82,11.6,16.30085019,83.48949047,74.37455304,68.18645356,39.11488839,35.18271425,13.46294324,24.73361162,76.47001807,29.5411447
34,05yrs,State,8791894,5.32,40.69,17.69,12.8,8.21,21.66,7.72,11.4,36.8,10.82,11.6,16.30085019,83.48949047,74.37455304,68.18645356,39.11488839,35.18271425,13.46294324,24.73361162,76.47001807,29.5411447
34,10yrs,State,8791894,5.32,40.69,17.69,12.8,8.21,21.66,7.72,11.4,36.8,10.82,11.6,16.30085019,83.48949047,74.37455304,68.18645356,39.11488839,35.18271425,13.46294324,24.73361162,76.47001807,29.5411447
A9001za,01yr,Zone,59745,0,59.42,15.81,14.57,26.05,33.83,5.81,10.05,39.87,6.26,10.07,13.90414763,83.0561955,74.10596033,66.64805423,42.29586911,35.84464641,11.57222529,21.70273998,77.29326806,28.70983513
A9001za,05yrs,Zone,59745,0,59.42,15.81,14.57,26.05,33.83,5.81,10.05,39.87,6.26,10.07,13.90414763,83.0561955,74.10596033,66.64805423,42.29586911,35.84464641,11.57222529,21.70273998,77.29326806,28.70983513
A9001za,10yrs,Zone,59745,0,59.42,15.81,14.57,26.05,33.83,5.81,10.05,39.87,6.26,10.07,13.90414763,83.0561955,74.10596033,66.64805423,42.29586911,35.84464641,11.57222529,21.70273998,77.29326806,28.70983513
A9002za,01yr,Zone,61133,0.09,40.44,8.56,3.06,26.11,31.18,4.56,6.25,51.86,4.81,8.74,16.64278867,82.47423977,72.85863282,73.03879083,41.69590565,39.91673564,10.6138992,19.05116876,77.94323688,23.10810855
A9002za,05yrs,Zone,61133,0.09,40.44,8.56,3.06,26.11,31.18,4.56,6.25,51.86,4.81,8.74,16.64278867,82.47423977,72.85863282,73.03879083,41.69590565,39.91673564,10.6138992,19.05116876,77.94323688,23.10810855
A9002za,10yrs,Zone,61133,0.09,40.44,8.56,3.06,26.11,31.18,4.56,6.25,51.86,4.81,8.74,16.64278867,82.47423977,72.85863282,73.03879083,41.69590565,39.91673564,10.6138992,19.05116876,77.94323688,23.10810855
A9003za,01yr,Zone,55352,0,79.78,28.37,47.62,1.78,9.48,17.4,25.88,11.97,35.39,15.36,14.62651937,79.04731356,74.93009828,60.29966216,32.7299953,24.3409651,24.90924628,40.79142217,76.65504408,40.7408856
A9003za,05yrs,Zone,55352,0,79.78,28.37,47.62,1.78,9.48,17.4,25.88,11.97,35.39,15.36,14.62651937,79.04731356,74.93009828,60.29966216,32.7299953,24.3409651,24.90924628,40.79142217,76.65504408,40.7408856
A9003za,10yrs,Zone,55352,0,79.78,28.37,47.62,1.78,9.48,17.4,25.88,11.97,35.39,15.36,14.62651937,79.04731356,74.93009828,60.29966216,32.7299953,24.3409651,24.90924628,40.79142217,76.65504408,40.7408856
A9004za,01yr,Zone,54257,0.01,67.98,25.64,26.84,13.27,28.22,12.79,25.59,19.81,31.07,18.07,14.38944837,76.63006985,76.84385609,63.91890079,30.60063771,27.30288073,21.0586634,38.19830252,75.47223584,39.73222073
A9004za,05yrs,Zone,54257,0.01,67.98,25.64,26.84,13.27,28.22,12.79,25.59,19.81,31.07,18.07,14.38944837,76.63006985,76.84385609,63.91890079,30.60063771,27.30288073,21.0586634,38.19830252,75.47223584,39.73222073
A9004za,10yrs,Zone,54257,0.01,67.98,25.64,26.84,13.27,28.22,12.79,25.59,19.81,31.07,18.07,14.38944837,76.63006985,76.84385609,63.91890079,30.60063771,27.30288073,21.0586634,38.19830252,75.47223584,39.73222073
A9005za,01yr,Zone,67499,11.25,18.64,5.63,1.64,9.75,16.93,3.35,3.13,66.87,2.81,3.22,16.08879835,87.27474926,74.62167884,70.88860279,39.93895761,38.55134891,9.225258152,17.78617165,76.39605031,25.22003141
A9005za,05yrs,Zone,67499,11.25,18.64,5.63,1.64,9.75,16.93,3.35,3.13,66.87,2.81,3.22,16.08879835,87.27474926,74.62167884,70.88860279,39.93895761,38.55134891,9.225258152,17.78617165,76.39605031,25.22003141
A9005za,10yrs,Zone,67499,11.25,18.64,5.63,1.64,9.75,16.93,3.35,3.13,66.87,2.81,3.22,16.08879835,87.27474926,74.62167884,70.88860279,39.93895761,38.55134891,9.225258152,17.78617165,76.39605031,25.22003141
A9006za,01yr,Zone,54876,0,48.61,31.32,5.09,10.37,29.83,5.73,14.86,33.36,11.4,12.21,16.29653583,81.94855128,73.72837488,68.11487536,41.38307639,30.40287922,11.74782783,28.39445659,74.11500838,27.96349406
A9006za,05yrs,Zone,54876,0,48.61,31.32,5.09,10.37,29.83,5.73,14.86,33.36,11.4,12.21,16.29653583,81.94855128,73.72837488,68.11487536,41.38307639,30.40287922,11.74782783,28.39445659,74.11500838,27.96349406
A9006za,10yrs,Zone,54876,0,48.61,31.32,5.09,10.37,29.83,5.73,14.86,33.36,11.4,12.21,16.29653583,81.94855128,73.72837488,68.11487536,41.38307639,30.40287922,11.74782783,28.39445659,74.11500838,27.96349406
A9007za,01yr,Zone,52004,0,93.22,81.77,7.74,2.64,44.75,8.84,38.78,8.15,35.95,31.92,14.88392816,75.10482655,69.81444312,55.44680601,26.09998269,20.13522998,19.93146873,46.95087878,73.95935505,38.7693562
A9007za,05yrs,Zone,52004,0,93.22,81.77,7.74,2.64,44.75,8.84,38.78,8.15,35.95,31.92,14.88392816,75.10482655,69.81444312,55.44680601,26.09998269,20.13522998,19.93146873,46.95087878,73.95935505,38.7693562
A9007za,10yrs,Zone,52004,0,93.22,81.77,7.74,2.64,44.75,8.84,38.78,8.15,35.95,31.92,14.88392816,75.10482655,69.81444312,55.44680601,26.09998269,20.13522998,19.93146873,46.95087878,73.95935505,38.7693562
A9008za,01yr,Zone,60584,0,46.61,19.65,4.3,20.72,34.63,5.72,9.2,39.58,6.19,9.62,15.6005447,81.89718408,74.37410537,68.39349333,42.45789812,38.49379044,11.35235871,24.0641407,76.07722501,25.11561633
A9008za,05yrs,Zone,60584,0,46.61,19.65,4.3,20.72,34.63,5.72,9.2,39.58,6.19,9.62,15.6005447,81.89718408,74.37410537,68.39349333,42.45789812,38.49379044,11.35235871,24.0641407,76.07722501,25.11561633
A9008za,10yrs,Zone,60584,0,46.61,19.65,4.3,20.72,34.63,5.72,9.2,39.58,6.19,9.62,15.6005447,81.89718408,74.37410537,68.39349333,42.45789812,38.49379044,11.35235871,24.0641407,76.07722501,25.11561633
A9009za,01yr,Zone,56531,0,91.84,61.73,26.37,1.69,29.71,16.44,30.17,13.32,27.38,22.63,15.01572942,78.32381348,73.66505634,62.75784083,28.14513453,27.16931772,17.17658984,37.03277848,79.3375953,36.89572801
A9009za,05yrs,Zone,56531,0,91.84,61.73,26.37,1.69,29.71,16.44,30.17,13.32,27.38,22.63,15.01572942,78.32381348,73.66505634,62.75784083,28.14513453,27.16931772,17.17658984,37.03277848,79.3375953,36.89572801
A9009za,10yrs,Zone,56531,0,91.84,61.73,26.37,1.69,29.71,16.44,30.17,13.32,27.38,22.63,15.01572942,78.32381348,73.66505634,62.75784083,28.14513453,27.16931772,17.17658984,37.03277848,79.3375953,36.89572801
A9010za,01yr,Zone,58112,1.09,16.42,5.86,2.02,6.94,15.84,3.77,4.8,62.97,4.76,4.43,17.93362645,85.64824133,73.95019273,74.90103593,43.82033315,40.98388629,9.357945003,16.44414235,78.42822997,23.8669397
A9010za,05yrs,Zone,58112,1.09,16.42,5.86,2.02,6.94,15.84,3.77,4.8,62.97,4.76,4.43,17.93362645,85.64824133,73.95019273,74.90103593,43.82033315,40.98388629,9.357945003,16.44414235,78.42822997,23.8669397
A9010za,10yrs,Zone,58112,1.09,16.42,5.86,2.02,6.94,15.84,3.77,4.8,62.97,4.76,4.43,17.93362645,85.64824133,73.95019273,74.90103593,43.82033315,40.98388629,9.357945003,16.44414235,78.42822997,23.8669397
A9011za,01yr,Zone,56126,15.81,30.62,10.24,10.88,7.15,11.58,8.82,10.41,28.34,10.59,9.11,18.83382924,83.44791184,75.81027153,70.77621245,40.94904857,36.23805545,14.54238855,24.11355165,75.52473364,33.35831344
A9011za,05yrs,Zone,56126,15.81,30.62,10.24,10.88,7.15,11.58,8.82,10.41,28.34,10.59,9.11,18.83382924,83.44791184,75.81027153,70.77621245,40.94904857,36.23805545,14.54238855,24.11355165,75.52473364,33.35831344
A9011za,10yrs,Zone,56126,15.81,30.62,10.24,10.88,7.15,11.58,8.82,10.41,28.34,10.59,9.11,18.83382924,83.44791184,75.81027153,70.77621245,40.94904857,36.23805545,14.54238855,24.11355165,75.52473364,33.35831344
A9012za,01yr,Zone,59615,0,32.67,20.55,3.63,6.85,33.31,7.24,12.07,26.88,9.83,13.62,16.64763902,82.31957897,73.38765579,67.24368867,39.85339093,35.6768414,14.86027845,26.83851044,75.19573262,28.51343622
A9012za,05yrs,Zone,59615,0,32.67,20.55,3.63,6.85,33.31,7.24,12.07,26.88,9.83,13.62,16.64763902,82.31957897,73.38765579,67.24368867,39.85339093,35.6768414,14.86027845,26.83851044,75.19573262,28.51343622
A9012za,10yrs,Zone,59615,0,32.67,20.55,3.63,6.85,33.31,7.24,12.07,26.88,9.83,13.62,16.64763902,82.31957897,73.38765579,67.24368867,39.85339093,35.6768414,14.86027845,26.83851044,75.19573262,28.51343622
A9013za,01yr,Zone,62031,0,42.04,18.42,17.53,4.16,21.86,9.24,9.93,31.54,7.4,11.27,16.74610598,85.82711547,77.16151118,70.15305573,38.9345279,31.23197756,12.59671132,23.36665216,76.48627783,27.09219261
A9013za,05yrs,Zone,62031,0,42.04,18.42,17.53,4.16,21.86,9.24,9.93,31.54,7.4,11.27,16.74610598,85.82711547,77.16151118,70.15305573,38.9345279,31.23197756,12.59671132,23.36665216,76.48627783,27.09219261
A9013za,10yrs,Zone,62031,0,42.04,18.42,17.53,4.16,21.86,9.24,9.93,31.54,7.4,11.27,16.74610598,85.82711547,77.16151118,70.15305573,38.9345279,31.23197756,12.59671132,23.36665216,76.48627783,27.09219261
A9014za,01yr,Zone,60556,0,82.17,66.68,11.68,2.26,50.53,7.63,26.08,11.64,19.14,26.3,15.75096109,80.83747936,73.99032961,60.91946628,28.32939428,23.77946364,17.35170916,35.95371887,75.63885329,33.64559746
A9014za,05yrs,Zone,60556,0,82.17,66.68,11.68,2.26,50.53,7.63,26.08,11.64,19.14,26.3,15.75096109,80.83747936,73.99032961,60.91946628,28.32939428,23.77946364,17.35170916,35.95371887,75.63885329,33.64559746
A9014za,10yrs,Zone,60556,0,82.17,66.68,11.68,2.26,50.53,7.63,26.08,11.64,19.14,26.3,15.75096109,80.83747936,73.99032961,60.91946628,28.32939428,23.77946364,17.35170916,35.95371887,75.63885329,33.64559746
A9015za,01yr,Zone,56126,41.08,27.55,16.05,8.02,1.53,8.94,11.95,14.02,21.73,10.02,12.02,18.50325874,82.91166126,75.79994299,69.29368207,38.55735132,33.54093112,16.27127534,26.91432848,74.72244771,35.25991875
A9015za,05yrs,Zone,56126,41.08,27.55,16.05,8.02,1.53,8.94,11.95,14.02,21.73,10.02,12.02,18.50325874,82.91166126,75.79994299,69.29368207,38.55735132,33.54093112,16.27127534,26.91432848,74.72244771,35.25991875
A9015za,10yrs,Zone,56126,41.08,27.55,16.05,8.02,1.53,8.94,11.95,14.02,21.73,10.02,12.02,18.50325874,82.91166126,75.79994299,69.29368207,38.55735132,33.54093112,16.27127534,26.91432848,74.72244771,35.25991875
A9016za,01yr,Zone,64120,1.67,60.5,17.52,24.36,15.9,29.09,5.94,7.99,43.02,6.55,11.21,15.17276201,83.97978634,73.86744541,69.46649563,34.15504679,34.43407985,11.65116656,23.42858702,76.91284934,28.37359326
A9016za,05yrs,Zone,64120,1.67,60.5,17.52,24.36,15.9,29.09,5.94,7.99,43.02,6.55,11.21,15.17276201,83.97978634,73.86744541,69.46649563,34.15504679,34.43407985,11.65116656,23.42858702,76.91284934,28.37359326
A9016za,10yrs,Zone,64120,1.67,60.5,17.52,24.36,15.9,29.09,5.94,7.99,43.02,6.55,11.21,15.17276201,83.97978634,73.86744541,69.46649563,34.15504679,34.43407985,11.65116656,23.42858702,76.91284934,28.37359326
A9017za,01yr,Zone,58592,0,23.46,14.2,6.34,1.57,10.63,8.66,13.43,26.72,14.58,10.88,16.26856055,83.25063149,70.84192893,66.40751297,38.3945129,30.48906677,15.13686169,27.25523109,73.63260001,33.22895276
A9017za,05yrs,Zone,58592,0,23.46,14.2,6.34,1.57,10.63,8.66,13.43,26.72,14.58,10.88,16.26856055,83.25063149,70.84192893,66.40751297,38.3945129,30.48906677,15.13686169,27.25523109,73.63260001,33.22895276
A9017za,10yrs,Zone,58592,0,23.46,14.2,6.34,1.57,10.63,8.66,13.43,26.72,14.58,10.88,16.26856055,83.25063149,70.84192893,66.40751297,38.3945129,30.48906677,15.13686169,27.25523109,73.63260001,33.22895276
A9018za,01yr,Zone,58730,0,76.64,29.87,11.91,30.89,50.68,7.93,15.14,42.44,20.8,20.74,14.8857858,76.78975311,70.96295931,61.37784608,31.20712753,33.43536523,12.69224757,26.65097054,76.25386685,23.00020603
A9018za,05yrs,Zone,58730,0,76.64,29.87,11.91,30.89,50.68,7.93,15.14,42.44,20.8,20.74,14.8857858,76.78975311,70.96295931,61.37784608,31.20712753,33.43536523,12.69224757,26.65097054,76.25386685,23.00020603
A9018za,10yrs,Zone,58730,0,76.64,29.87,11.91,30.89,50.68,7.93,15.14,42.44,20.8,20.74,14.8857858,76.78975311,70.96295931,61.37784608,31.20712753,33.43536523,12.69224757,26.65097054,76.25386685,23.00020603
A9019za,01yr,Zone,50913,0,51.91,31.67,6.19,11.8,30.18,9.46,11.66,32.44,9.13,13.38,16.72192957,80.82869405,73.94442284,68.84205606,39.54644983,35.57011372,12.10609667,25.2863689,77.96322943,27.73695127
A9019za,05yrs,Zone,50913,0,51.91,31.67,6.19,11.8,30.18,9.46,11.66,32.44,9.13,13.38,16.72192957,80.82869405,73.94442284,68.84205606,39.54644983,35.57011372,12.10609667,25.2863689,77.96322943,27.73695127
A9019za,10yrs,Zone,50913,0,51.91,31.67,6.19,11.8,30.18,9.46,11.66,32.44,9.13,13.38,16.72192957,80.82869405,73.94442284,68.84205606,39.54644983,35.57011372,12.10609667,25.2863689,77.96322943,27.73695127
A9020za,01yr,Zone,53327,0,43.01,25.75,7.52,7.44,28.08,7.41,12.91,29.32,15.57,13.56,15.9058882,81.84331202,72.9572543,63.36747989,33.54608922,34.04074859,14.37856245,26.24788569,75.6718304,25.90811409
A9020za,05yrs,Zone,53327,0,43.01,25.75,7.52,7.44,28.08,7.41,12.91,29.32,15.57,13.56,15.9058882,81.84331202,72.9572543,63.36747989,33.54608922,34.04074859,14.37856245,26.24788569,75.6718304,25.90811409
A9020za,10yrs,Zone,53327,0,43.01,25.75,7.52,7.44,28.08,7.41,12.91,29.32,15.57,13.56,15.9058882,81.84331202,72.9572543,63.36747989,33.54608922,34.04074859,14.37856245,26.24788569,75.6718304,25.90811409
A9021za,01yr,Zone,58699,0,86.26,77.84,1.81,5.49,59.38,8.5,27.25,22.63,21.51,31.02,15.71203257,79.89083119,70.18160616,58.3626348,26.67352425,29.2424641,13.77173887,33.38544779,75.93417946,28.83976388
A9021za,05yrs,Zone,58699,0,86.26,77.84,1.81,5.49,59.38,8.5,27.25,22.63,21.51,31.02,15.71203257,79.89083119,70.18160616,58.3626348,26.67352425,29.2424641,13.77173887,33.38544779,75.93417946,28.83976388
A9021za,10yrs,Zone,58699,0,86.26,77.84,1.81,5.49,59.38,8.5,27.25,22.63,21.51,31.02,15.71203257,79.89083119,70.18160616,58.3626348,26.67352425,29.2424641,13.77173887,33.38544779,75.93417946,28.83976388
A9022za,01yr,Zone,58179,0,50.08,11.76,8.37,27.61,33.65,6.02,7.05,47.77,5.73,9.29,14.05517283,82.9427766,73.99193352,67.25998212,43.90875746,36.75806391,10.6866481,20.28450816,77.07768095,27.1718266
A9022za,05yrs,Zone,58179,0,50.08,11.76,8.37,27.61,33.65,6.02,7.05,47.77,5.73,9.29,14.05517283,82.9427766,73.99193352,67.25998212,43.90875746,36.75806391,10.6866481,20.28450816,77.07768095,27.1718266
A9022za,10yrs,Zone,58179,0,50.08,11.76,8.37,27.61,33.65,6.02,7.05,47.77,5.73,9.29,14.05517283,82.9427766,73.99193352,67.25998212,43.90875746,36.75806391,10.6866481,20.28450816,77.07768095,27.1718266
A9023za,01yr,Zone,54034,4.05,48.84,5.17,6.44,35.08,36.07,6.6,5.12,62.7,3.69,5.88,12.66476848,84.84749047,76.25265759,69.50303142,46.81433172,39.79484029,7.473070659,17.70280564,78.14012474,23.80435096
A9023za,05yrs,Zone,54034,4.05,48.84,5.17,6.44,35.08,36.07,6.6,5.12,62.7,3.69,5.88,12.66476848,84.84749047,76.25265759,69.50303142,46.81433172,39.79484029,7.473070659,17.70280564,78.14012474,23.80435096
A9023za,10yrs,Zone,54034,4.05,48.84,5.17,6.44,35.08,36.07,6.6,5.12,62.7,3.69,5.88,12.66476848,84.84749047,76.25265759,69.50303142,46.81433172,39.79484029,7.473070659,17.70280564,78.14012474,23.80435096
A9024za,01yr,Zone,50676,34.84,35.2,13.61,17.9,1.05,4.54,14.38,17.86,14.79,16.2,10.23,17.93418581,81.0138685,73.73556319,65.15060976,40.82228471,30.42854055,19.55294617,31.93279462,75.03652617,37.17687465
A9024za,05yrs,Zone,50676,34.84,35.2,13.61,17.9,1.05,4.54,14.38,17.86,14.79,16.2,10.23,17.93418581,81.0138685,73.73556319,65.15060976,40.82228471,30.42854055,19.55294617,31.93279462,75.03652617,37.17687465
A9024za,10yrs,Zone,50676,34.84,35.2,13.61,17.9,1.05,4.54,14.38,17.86,14.79,16.2,10.23,17.93418581,81.0138685,73.73556319,65.15060976,40.82228471,30.42854055,19.55294617,31.93279462,75.03652617,37.17687465
A9025za,01yr,Zone,55669,0,25.87,10.49,9.21,4.34,8.43,8.8,7.97,39.69,5.6,7.69,17.79403259,85.39896711,75.16084715,69.78162352,49.70784817,35.86123157,13.00495608,22.77059225,75.15968313,28.06983599
A9025za,05yrs,Zone,55669,0,25.87,10.49,9.21,4.34,8.43,8.8,7.97,39.69,5.6,7.69,17.79403259,85.39896711,75.16084715,69.78162352,49.70784817,35.86123157,13.00495608,22.77059225,75.15968313,28.06983599
A9025za,10yrs,Zone,55669,0,25.87,10.49,9.21,4.34,8.43,8.8,7.97,39.69,5.6,7.69,17.79403259,85.39896711,75.16084715,69.78162352,49.70784817,35.86123157,13.00495608,22.77059225,75.15968313,28.06983599
A9026za,01yr,Zone,58572,2.54,9.09,4.4,2.07,1.56,5.48,5.88,3.38,49.7,5.05,5.93,17.16065868,86.96041795,75.47482244,71.31404255,41.29213959,37.05445605,11.24144984,18.47046712,74.3501178,26.86184354
A9026za,05yrs,Zone,58572,2.54,9.09,4.4,2.07,1.56,5.48,5.88,3.38,49.7,5.05,5.93,17.16065868,86.96041795,75.47482244,71.31404255,41.29213959,37.05445605,11.24144984,18.47046712,74.3501178,26.86184354
A9026za,10yrs,Zone,58572,2.54,9.09,4.4,2.07,1.56,5.48,5.88,3.38,49.7,5.05,5.93,17.16065868,86.96041795,75.47482244,71.31404255,41.29213959,37.05445605,11.24144984,18.47046712,74.3501178,26.86184354
A9027za,01yr,Zone,53946,5.1,38.58,12.46,11.33,12.14,17.65,7.75,13.01,27.19,9.32,12.3,17.82686946,80.45474919,75.82978534,68.61661106,38.99775146,34.11088496,14.90792274,26.29974604,75.15813962,32.83850146
A9027za,05yrs,Zone,53946,5.1,38.58,12.46,11.33,12.14,17.65,7.75,13.01,27.19,9.32,12.3,17.82686946,80.45474919,75.82978534,68.61661106,38.99775146,34.11088496,14.90792274,26.29974604,75.15813962,32.83850146
A9027za,10yrs,Zone,53946,5.1,38.58,12.46,11.33,12.14,17.65,7.75,13.01,27.19,9.32,12.3,17.82686946,80.45474919,75.82978534,68.61661106,38.99775146,34.11088496,14.90792274,26.29974604,75.15813962,32.83850146
A9028za,01yr,Zone,54334,0.21,12.8,5.66,1.51,4.48,12.53,4.66,5.48,53.33,2.84,4.76,16.98853388,85.52565981,76.83470571,75.06000294,46.74863069,41.08690691,8.654299334,18.03717746,78.80490669,24.03265359
A9028za,05yrs,Zone,54334,0.21,12.8,5.66,1.51,4.48,12.53,4.66,5.48,53.33,2.84,4.76,16.98853388,85.52565981,76.83470571,75.06000294,46.74863069,41.08690691,8.654299334,18.03717746,78.80490669,24.03265359
A9028za,10yrs,Zone,54334,0.21,12.8,5.66,1.51,4.48,12.53,4.66,5.48,53.33,2.84,4.76,16.98853388,85.52565981,76.83470571,75.06000294,46.74863069,41.08690691,8.654299334,18.03717746,78.80490669,24.03265359
A9029za,01yr,Zone,57841,0,42.6,6.53,5.18,28.74,32.24,5,8.45,51.15,2.93,6.44,13.00956069,84.12534016,76.1788783,68.97376083,46.03284867,38.22542487,9.422236822,19.17785135,77.11703636,25.66988987
A9029za,05yrs,Zone,57841,0,42.6,6.53,5.18,28.74,32.24,5,8.45,51.15,2.93,6.44,13.00956069,84.12534016,76.1788783,68.97376083,46.03284867,38.22542487,9.422236822,19.17785135,77.11703636,25.66988987
A9029za,10yrs,Zone,57841,0,42.6,6.53,5.18,28.74,32.24,5,8.45,51.15,2.93,6.44,13.00956069,84.12534016,76.1788783,68.97376083,46.03284867,38.22542487,9.422236822,19.17785135,77.11703636,25.66988987
A9030za,01yr,Zone,59174,0,71.89,12.46,55.45,1.79,16.9,12.49,17.97,18.86,23.78,13.75,13.49529185,84.43018386,74.0359347,66.88470105,27.64951668,33.8877987,20.84424409,31.55837699,81.80257546,31.63574036
A9030za,05yrs,Zone,59174,0,71.89,12.46,55.45,1.79,16.9,12.49,17.97,18.86,23.78,13.75,13.49529185,84.43018386,74.0359347,66.88470105,27.64951668,33.8877987,20.84424409,31.55837699,81.80257546,31.63574036
A9030za,10yrs,Zone,59174,0,71.89,12.46,55.45,1.79,16.9,12.49,17.97,18.86,23.78,13.75,13.49529185,84.43018386,74.0359347,66.88470105,27.64951668,33.8877987,20.84424409,31.55837699,81.80257546,31.63574036
A9031za,01yr,Zone,62920,0,31.36,17.62,2.01,9.73,28,6.69,8.5,39.76,7.59,10.69,16.80182613,83.00036078,73.58554514,68.72669421,41.75646535,37.93348697,12.87732359,24.07821202,75.79611093,26.8233185
A9031za,05yrs,Zone,62920,0,31.36,17.62,2.01,9.73,28,6.69,8.5,39.76,7.59,10.69,16.80182613,83.00036078,73.58554514,68.72669421,41.75646535,37.93348697,12.87732359,24.07821202,75.79611093,26.8233185
A9031za,10yrs,Zone,62920,0,31.36,17.62,2.01,9.73,28,6.69,8.5,39.76,7.59,10.69,16.80182613,83.00036078,73.58554514,68.72669421,41.75646535,37.93348697,12.87732359,24.07821202,75.79611093,26.8233185
A9032za,01yr,Zone,58716,0,17.52,4.59,1.65,10.28,15.43,5.15,4.77,52.62,2.82,4.5,17.13370121,86.02344165,74.87142857,70.46993324,40.88545201,37.94731249,10.50383371,18.10871653,74.74217419,25.41269841
A9032za,05yrs,Zone,58716,0,17.52,4.59,1.65,10.28,15.43,5.15,4.77,52.62,2.82,4.5,17.13370121,86.02344165,74.87142857,70.46993324,40.88545201,37.94731249,10.50383371,18.10871653,74.74217419,25.41269841
A9032za,10yrs,Zone,58716,0,17.52,4.59,1.65,10.28,15.43,5.15,4.77,52.62,2.82,4.5,17.13370121,86.02344165,74.87142857,70.46993324,40.88545201,37.94731249,10.50383371,18.10871653,74.74217419,25.41269841
A9033za,01yr,Zone,52817,0,95.84,53.41,40.82,0.39,33.12,6.95,28.15,9.11,30.31,23.19,14.3554083,80.42227124,74.65633413,63.33136869,29.47780449,23.56946059,17.54769108,41.03808622,76.75505046,38.88892402
A9033za,05yrs,Zone,52817,0,95.84,53.41,40.82,0.39,33.12,6.95,28.15,9.11,30.31,23.19,14.3554083,80.42227124,74.65633413,63.33136869,29.47780449,23.56946059,17.54769108,41.03808622,76.75505046,38.88892402
A9033za,10yrs,Zone,52817,0,95.84,53.41,40.82,0.39,33.12,6.95,28.15,9.11,30.31,23.19,14.3554083,80.42227124,74.65633413,63.33136869,29.47780449,23.56946059,17.54769108,41.03808622,76.75505046,38.88892402
A9034za,01yr,Zone,59050,0.47,26.93,8.03,11.78,4.93,16.27,6.74,7.3,39.91,9.37,10.94,16.15601863,84.81986622,75.66462997,70.62270279,38.5541812,34.10018967,11.84701778,21.49239627,74.38471973,27.32901778
A9034za,05yrs,Zone,59050,0.47,26.93,8.03,11.78,4.93,16.27,6.74,7.3,39.91,9.37,10.94,16.15601863,84.81986622,75.66462997,70.62270279,38.5541812,34.10018967,11.84701778,21.49239627,74.38471973,27.32901778
A9034za,10yrs,Zone,59050,0.47,26.93,8.03,11.78,4.93,16.27,6.74,7.3,39.91,9.37,10.94,16.15601863,84.81986622,75.66462997,70.62270279,38.5541812,34.10018967,11.84701778,21.49239627,74.38471973,27.32901778
A9035za,01yr,Zone,56267,29.03,16.83,7.07,3.57,4.68,9.91,7.13,6.53,41.54,4.35,5.89,18.21943768,85.81092114,73.60454263,68.65731068,39.06353991,36.13043347,12.8134466,19.47046581,74.30153554,27.88819379
A9035za,05yrs,Zone,56267,29.03,16.83,7.07,3.57,4.68,9.91,7.13,6.53,41.54,4.35,5.89,18.21943768,85.81092114,73.60454263,68.65731068,39.06353991,36.13043347,12.8134466,19.47046581,74.30153554,27.88819379
A9035za,10yrs,Zone,56267,29.03,16.83,7.07,3.57,4.68,9.91,7.13,6.53,41.54,4.35,5.89,18.21943768,85.81092114,73.60454263,68.65731068,39.06353991,36.13043347,12.8134466,19.47046581,74.30153554,27.88819379
A9036za,01yr,Zone,54850,0,95.01,16.07,74.81,1.45,29.14,11.11,15.63,17.37,19.19,19.13,13.88689699,82.58991067,78.89073291,70.3605433,30.7702206,30.27700273,16.67690246,32.43235369,82.04615314,37.91992707
A9036za,05yrs,Zone,54850,0,95.01,16.07,74.81,1.45,29.14,11.11,15.63,17.37,19.19,19.13,13.88689699,82.58991067,78.89073291,70.3605433,30.7702206,30.27700273,16.67690246,32.43235369,82.04615314,37.91992707
A9036za,10yrs,Zone,54850,0,95.01,16.07,74.81,1.45,29.14,11.11,15.63,17.37,19.19,19.13,13.88689699,82.58991067,78.89073291,70.3605433,30.7702206,30.27700273,16.67690246,32.43235369,82.04615314,37.91992707
A9037za,01yr,Zone,61313,6.55,39.21,30.18,2.93,4.71,25.09,5.59,13.78,30.19,6.3,15.35,18.25396898,83.75818994,71.83215631,70.23896727,37.86343027,36.67093765,13.37646176,22.77995694,77.36284475,28.60891165
A9037za,05yrs,Zone,61313,6.55,39.21,30.18,2.93,4.71,25.09,5.59,13.78,30.19,6.3,15.35,18.25396898,83.75818994,71.83215631,70.23896727,37.86343027,36.67093765,13.37646176,22.77995694,77.36284475,28.60891165
A9037za,10yrs,Zone,61313,6.55,39.21,30.18,2.93,4.71,25.09,5.59,13.78,30.19,6.3,15.35,18.25396898,83.75818994,71.83215631,70.23896727,37.86343027,36.67093765,13.37646176,22.77995694,77.36284475,28.60891165
A9038za,01yr,Zone,58001,0.15,26.9,8.15,5.64,11.29,18.06,6.8,6.27,45.98,5.64,6.43,17.41787038,85.50744298,74.07055223,69.89022603,40.07390907,36.84870433,11.3601731,19.07199359,74.36875744,26.24163549
A9038za,05yrs,Zone,58001,0.15,26.9,8.15,5.64,11.29,18.06,6.8,6.27,45.98,5.64,6.43,17.41787038,85.50744298,74.07055223,69.89022603,40.07390907,36.84870433,11.3601731,19.07199359,74.36875744,26.24163549
A9038za,10yrs,Zone,58001,0.15,26.9,8.15,5.64,11.29,18.06,6.8,6.27,45.98,5.64,6.43,17.41787038,85.50744298,74.07055223,69.89022603,40.07390907,36.84870433,11.3601731,19.07199359,74.36875744,26.24163549
A9039za,01yr,Zone,62029,6.97,14.68,6.16,0.91,6.31,13.71,4.86,4.91,48.65,3.37,5.74,17.53455803,85.35860485,74.19301456,73.63487401,41.97034129,39.55816473,11.35222557,18.73981041,77.75805994,25.34825807
A9039za,05yrs,Zone,62029,6.97,14.68,6.16,0.91,6.31,13.71,4.86,4.91,48.65,3.37,5.74,17.53455803,85.35860485,74.19301456,73.63487401,41.97034129,39.55816473,11.35222557,18.73981041,77.75805994,25.34825807
A9039za,10yrs,Zone,62029,6.97,14.68,6.16,0.91,6.31,13.71,4.86,4.91,48.65,3.37,5.74,17.53455803,85.35860485,74.19301456,73.63487401,41.97034129,39.55816473,11.35222557,18.73981041,77.75805994,25.34825807
A9040za,01yr,Zone,55353,53.19,12.32,6.88,1.89,2.28,9.75,7.67,8.79,31.45,6,9.45,17.21301104,84.12581613,75.91268947,70.17436273,33.99895037,39.34374289,13.6195292,22.40917204,72.27889184,30.89421712
A9040za,05yrs,Zone,55353,53.19,12.32,6.88,1.89,2.28,9.75,7.67,8.79,31.45,6,9.45,17.21301104,84.12581613,75.91268947,70.17436273,33.99895037,39.34374289,13.6195292,22.40917204,72.27889184,30.89421712
A9040za,10yrs,Zone,55353,53.19,12.32,6.88,1.89,2.28,9.75,7.67,8.79,31.45,6,9.45,17.21301104,84.12581613,75.91268947,70.17436273,33.99895037,39.34374289,13.6195292,22.40917204,72.27889184,30.89421712
A9041za,01yr,Zone,54802,2.53,30.48,15.36,6.44,7.1,17.26,4.99,9.24,42.22,6.31,10.17,17.9298803,84.95650524,72.93482355,68.7554998,37.81002518,34.57744425,12.96745009,21.12041714,74.28017408,28.01070399
A9041za,05yrs,Zone,54802,2.53,30.48,15.36,6.44,7.1,17.26,4.99,9.24,42.22,6.31,10.17,17.9298803,84.95650524,72.93482355,68.7554998,37.81002518,34.57744425,12.96745009,21.12041714,74.28017408,28.01070399
A9041za,10yrs,Zone,54802,2.53,30.48,15.36,6.44,7.1,17.26,4.99,9.24,42.22,6.31,10.17,17.9298803,84.95650524,72.93482355,68.7554998,37.81002518,34.57744425,12.96745009,21.12041714,74.28017408,28.01070399
A9042za,01yr,Zone,58843,0,64.23,25.42,33.81,3.1,29.68,8,13.16,20.64,11.15,14.84,15.98605951,85.04175008,77.54726136,68.9335401,34.69138725,28.78892816,14.65546114,27.14110939,77.64073042,30.98842853
A9042za,05yrs,Zone,58843,0,64.23,25.42,33.81,3.1,29.68,8,13.16,20.64,11.15,14.84,15.98605951,85.04175008,77.54726136,68.9335401,34.69138725,28.78892816,14.65546114,27.14110939,77.64073042,30.98842853
A9042za,10yrs,Zone,58843,0,64.23,25.42,33.81,3.1,29.68,8,13.16,20.64,11.15,14.84,15.98605951,85.04175008,77.54726136,68.9335401,34.69138725,28.78892816,14.65546114,27.14110939,77.64073042,30.98842853
A9043za,01yr,Zone,55362,0,96.69,10.51,81.97,2.24,23.67,15.19,20.74,12,31.15,21.37,13.26261515,80.94341606,78.89511217,68.53413533,28.06409992,28.40926809,19.94510675,35.82806257,82.5575214,40.48818684
A9043za,05yrs,Zone,55362,0,96.69,10.51,81.97,2.24,23.67,15.19,20.74,12,31.15,21.37,13.26261515,80.94341606,78.89511217,68.53413533,28.06409992,28.40926809,19.94510675,35.82806257,82.5575214,40.48818684
A9043za,10yrs,Zone,55362,0,96.69,10.51,81.97,2.24,23.67,15.19,20.74,12,31.15,21.37,13.26261515,80.94341606,78.89511217,68.53413533,28.06409992,28.40926809,19.94510675,35.82806257,82.5575214,40.48818684
A9044za,01yr,Zone,52362,0,18.57,14.64,2.98,0.41,13.23,4.55,16.46,30.06,38.87,11,18.21975669,78.41859937,65.76248997,61.23765517,32.02054543,26.49846263,18.50314732,29.3029277,74.13537107,35.30765632
A9044za,05yrs,Zone,52362,0,18.57,14.64,2.98,0.41,13.23,4.55,16.46,30.06,38.87,11,18.21975669,78.41859937,65.76248997,61.23765517,32.02054543,26.49846263,18.50314732,29.3029277,74.13537107,35.30765632
A9044za,10yrs,Zone,52362,0,18.57,14.64,2.98,0.41,13.23,4.55,16.46,30.06,38.87,11,18.21975669,78.41859937,65.76248997,61.23765517,32.02054543,26.49846263,18.50314732,29.3029277,74.13537107,35.30765632
A9045za,01yr,Zone,57255,5.6,18.57,9.7,4.85,2.64,9.32,7.85,7.18,32.11,8.77,7.69,15.5870579,84.95164265,73.29338049,70.67277443,42.14809536,34.65662912,12.61101039,24.17853987,73.19402323,31.42868745
A9045za,05yrs,Zone,57255,5.6,18.57,9.7,4.85,2.64,9.32,7.85,7.18,32.11,8.77,7.69,15.5870579,84.95164265,73.29338049,70.67277443,42.14809536,34.65662912,12.61101039,24.17853987,73.19402323,31.42868745
A9045za,10yrs,Zone,57255,5.6,18.57,9.7,4.85,2.64,9.32,7.85,7.18,32.11,8.77,7.69,15.5870579,84.95164265,73.29338049,70.67277443,42.14809536,34.65662912,12.61101039,24.17853987,73.19402323,31.42868745
A9046za,01yr,Zone,61525,0,22.05,7.95,1.52,11.12,25.56,4.64,5.3,60.65,4.1,4.88,16.52311906,85.88997968,75.38567574,71.75889476,46.31640959,41.72590654,9.56612759,19.22186428,77.28171638,24.3000065
A9046za,05yrs,Zone,61525,0,22.05,7.95,1.52,11.12,25.56,4.64,5.3,60.65,4.1,4.88,16.52311906,85.88997968,75.38567574,71.75889476,46.31640959,41.72590654,9.56612759,19.22186428,77.28171638,24.3000065
A9046za,10yrs,Zone,61525,0,22.05,7.95,1.52,11.12,25.56,4.64,5.3,60.65,4.1,4.88,16.52311906,85.88997968,75.38567574,71.75889476,46.31640959,41.72590654,9.56612759,19.22186428,77.28171638,24.3000065
A9047za,01yr,Zone,54094,0.42,43.13,20.06,17.75,3.44,16.44,11.36,15.69,27.2,15.03,13.12,16.31057234,82.53263578,77.64089178,69.55659962,37.36976559,32.09565941,15.72394905,29.30750915,76.30255111,36.27299885
A9047za,05yrs,Zone,54094,0.42,43.13,20.06,17.75,3.44,16.44,11.36,15.69,27.2,15.03,13.12,16.31057234,82.53263578,77.64089178,69.55659962,37.36976559,32.09565941,15.72394905,29.30750915,76.30255111,36.27299885
A9047za,10yrs,Zone,54094,0.42,43.13,20.06,17.75,3.44,16.44,11.36,15.69,27.2,15.03,13.12,16.31057234,82.53263578,77.64089178,69.55659962,37.36976559,32.09565941,15.72394905,29.30750915,76.30255111,36.27299885
A9048za,01yr,Zone,55902,0,53.15,30.4,2.19,18.06,46.73,4.62,13.88,39.56,12.05,19.49,15.541918,80.93723659,73.03044614,66.92883618,39.98960502,36.15159744,12.75193911,26.96129655,75.56639655,26.62270044
A9048za,05yrs,Zone,55902,0,53.15,30.4,2.19,18.06,46.73,4.62,13.88,39.56,12.05,19.49,15.541918,80.93723659,73.03044614,66.92883618,39.98960502,36.15159744,12.75193911,26.96129655,75.56639655,26.62270044
A9048za,10yrs,Zone,55902,0,53.15,30.4,2.19,18.06,46.73,4.62,13.88,39.56,12.05,19.49,15.541918,80.93723659,73.03044614,66.92883618,39.98960502,36.15159744,12.75193911,26.96129655,75.56639655,26.62270044
A9049za,01yr,Zone,57901,6.78,19.38,4.43,10.2,2.94,6.14,10.49,9.58,29.8,5.77,5.96,18.18522133,86.03766947,74.57554965,67.49758553,45.90945234,36.48577572,13.90617779,21.12641232,75.9942039,31.07352032
A9049za,05yrs,Zone,57901,6.78,19.38,4.43,10.2,2.94,6.14,10.49,9.58,29.8,5.77,5.96,18.18522133,86.03766947,74.57554965,67.49758553,45.90945234,36.48577572,13.90617779,21.12641232,75.9942039,31.07352032
A9049za,10yrs,Zone,57901,6.78,19.38,4.43,10.2,2.94,6.14,10.49,9.58,29.8,5.77,5.96,18.18522133,86.03766947,74.57554965,67.49758553,45.90945234,36.48577572,13.90617779,21.12641232,75.9942039,31.07352032
A9050za,01yr,Zone,53339,21.35,16.33,7.22,4.78,2.62,8.73,9.5,11.17,28.29,10.09,8.41,17.13358143,83.79514989,75.47158739,68.49056225,32.40100489,37.78509533,15.47299724,24.27585444,71.89795084,32.29978252
A9050za,05yrs,Zone,53339,21.35,16.33,7.22,4.78,2.62,8.73,9.5,11.17,28.29,10.09,8.41,17.13358143,83.79514989,75.47158739,68.49056225,32.40100489,37.78509533,15.47299724,24.27585444,71.89795084,32.29978252
A9050za,10yrs,Zone,53339,21.35,16.33,7.22,4.78,2.62,8.73,9.5,11.17,28.29,10.09,8.41,17.13358143,83.79514989,75.47158739,68.49056225,32.40100489,37.78509533,15.47299724,24.27585444,71.89795084,32.29978252
A9051za,01yr,Zone,60945,0,18.88,7.93,1.89,7.76,18.64,4.9,6.04,48.52,4.2,6.58,17.11377964,84.93881697,75.50070063,72.3893527,48.04732464,35.31172533,9.216854541,21.30957749,74.3442727,24.57699893
A9051za,05yrs,Zone,60945,0,18.88,7.93,1.89,7.76,18.64,4.9,6.04,48.52,4.2,6.58,17.11377964,84.93881697,75.50070063,72.3893527,48.04732464,35.31172533,9.216854541,21.30957749,74.3442727,24.57699893
A9051za,10yrs,Zone,60945,0,18.88,7.93,1.89,7.76,18.64,4.9,6.04,48.52,4.2,6.58,17.11377964,84.93881697,75.50070063,72.3893527,48.04732464,35.31172533,9.216854541,21.30957749,74.3442727,24.57699893
A9052za,01yr,Zone,56278,4.19,33.08,6.84,17.41,6.27,10.08,6.93,7.05,35.17,4.2,5.28,17.88657024,85.29590781,75.29106045,70.62570809,38.67351541,43.66053342,13.19096983,21.1511301,76.38988415,31.65594548
A9052za,05yrs,Zone,56278,4.19,33.08,6.84,17.41,6.27,10.08,6.93,7.05,35.17,4.2,5.28,17.88657024,85.29590781,75.29106045,70.62570809,38.67351541,43.66053342,13.19096983,21.1511301,76.38988415,31.65594548
A9052za,10yrs,Zone,56278,4.19,33.08,6.84,17.41,6.27,10.08,6.93,7.05,35.17,4.2,5.28,17.88657024,85.29590781,75.29106045,70.62570809,38.67351541,43.66053342,13.19096983,21.1511301,76.38988415,31.65594548
A9053za,01yr,Zone,63852,0,14.36,5.87,2.61,4.33,11.3,4.82,3.66,58.68,2.94,4.32,17.33095909,88.37778456,77.90950636,73.27090929,44.73967613,35.90308056,9.095843513,17.06681545,77.2190738,23.23492765
A9053za,05yrs,Zone,63852,0,14.36,5.87,2.61,4.33,11.3,4.82,3.66,58.68,2.94,4.32,17.33095909,88.37778456,77.90950636,73.27090929,44.73967613,35.90308056,9.095843513,17.06681545,77.2190738,23.23492765
A9053za,10yrs,Zone,63852,0,14.36,5.87,2.61,4.33,11.3,4.82,3.66,58.68,2.94,4.32,17.33095909,88.37778456,77.90950636,73.27090929,44.73967613,35.90308056,9.095843513,17.06681545,77.2190738,23.23492765
A9054za,01yr,Zone,55782,4.46,26.45,8.22,4.49,12.07,19.99,6.27,7.16,41.09,4.47,5.59,14.17578251,85.61721165,75.87248216,69.40352623,44.86905991,37.57260765,11.16286974,20.07994873,76.50660428,28.68847836
A9054za,05yrs,Zone,55782,4.46,26.45,8.22,4.49,12.07,19.99,6.27,7.16,41.09,4.47,5.59,14.17578251,85.61721165,75.87248216,69.40352623,44.86905991,37.57260765,11.16286974,20.07994873,76.50660428,28.68847836
A9054za,10yrs,Zone,55782,4.46,26.45,8.22,4.49,12.07,19.99,6.27,7.16,41.09,4.47,5.59,14.17578251,85.61721165,75.87248216,69.40352623,44.86905991,37.57260765,11.16286974,20.07994873,76.50660428,28.68847836
A9055za,01yr,Zone,54769,0,74.45,52.63,13.87,6.17,40.05,5.22,38.41,22.08,29.67,28.01,14.54419106,75.09468495,69.58259599,57.74647702,30.26080082,25.1028885,17.57508445,32.93847249,77.35516077,36.46805675
A9055za,05yrs,Zone,54769,0,74.45,52.63,13.87,6.17,40.05,5.22,38.41,22.08,29.67,28.01,14.54419106,75.09468495,69.58259599,57.74647702,30.26080082,25.1028885,17.57508445,32.93847249,77.35516077,36.46805675
A9055za,10yrs,Zone,54769,0,74.45,52.63,13.87,6.17,40.05,5.22,38.41,22.08,29.67,28.01,14.54419106,75.09468495,69.58259599,57.74647702,30.26080082,25.1028885,17.57508445,32.93847249,77.35516077,36.46805675
A9056za,01yr,Zone,63491,0,82.48,76.65,1.78,3.04,55.22,7.57,27.88,23.52,22.8,29.29,15.89919044,80.23496716,70.31360665,58.12968767,26.42633444,29.24831866,14.23973792,33.38716984,76.08537746,29.44883212
A9056za,05yrs,Zone,63491,0,82.48,76.65,1.78,3.04,55.22,7.57,27.88,23.52,22.8,29.29,15.89919044,80.23496716,70.31360665,58.12968767,26.42633444,29.24831866,14.23973792,33.38716984,76.08537746,29.44883212
A9056za,10yrs,Zone,63491,0,82.48,76.65,1.78,3.04,55.22,7.57,27.88,23.52,22.8,29.29,15.89919044,80.23496716,70.31360665,58.12968767,26.42633444,29.24831866,14.23973792,33.38716984,76.08537746,29.44883212
A9057za,01yr,Zone,53187,2.27,57.19,40.86,12.82,1.67,12.6,14.35,24.68,17.13,17.46,13.14,16.1817963,80.02703668,73.96578487,63.77839322,38.10221107,27.62077387,18.027063,36.08743302,76.29995676,38.06514374
A9057za,05yrs,Zone,53187,2.27,57.19,40.86,12.82,1.67,12.6,14.35,24.68,17.13,17.46,13.14,16.1817963,80.02703668,73.96578487,63.77839322,38.10221107,27.62077387,18.027063,36.08743302,76.29995676,38.06514374
A9057za,10yrs,Zone,53187,2.27,57.19,40.86,12.82,1.67,12.6,14.35,24.68,17.13,17.46,13.14,16.1817963,80.02703668,73.96578487,63.77839322,38.10221107,27.62077387,18.027063,36.08743302,76.29995676,38.06514374
A9058za,01yr,Zone,64956,1.87,41.5,21.99,7.49,10.32,26.25,5.11,9.43,45.27,6.2,11.95,15.95141019,84.84610813,73.36685295,67.85204292,35.85339768,35.01976107,11.47061241,22.56242072,75.97138525,27.9187958
A9058za,05yrs,Zone,64956,1.87,41.5,21.99,7.49,10.32,26.25,5.11,9.43,45.27,6.2,11.95,15.95141019,84.84610813,73.36685295,67.85204292,35.85339768,35.01976107,11.47061241,22.56242072,75.97138525,27.9187958
A9058za,10yrs,Zone,64956,1.87,41.5,21.99,7.49,10.32,26.25,5.11,9.43,45.27,6.2,11.95,15.95141019,84.84610813,73.36685295,67.85204292,35.85339768,35.01976107,11.47061241,22.56242072,75.97138525,27.9187958
A9059za,01yr,Zone,56319,0,16.87,8.05,2.86,4.57,10.55,11.29,10.65,28.25,6.08,7.7,14.27645022,83.97059429,74.41363128,69.05498144,40.71834017,32.71126263,13.15480921,26.83791793,72.24554768,30.77285463
A9059za,05yrs,Zone,56319,0,16.87,8.05,2.86,4.57,10.55,11.29,10.65,28.25,6.08,7.7,14.27645022,83.97059429,74.41363128,69.05498144,40.71834017,32.71126263,13.15480921,26.83791793,72.24554768,30.77285463
A9059za,10yrs,Zone,56319,0,16.87,8.05,2.86,4.57,10.55,11.29,10.65,28.25,6.08,7.7,14.27645022,83.97059429,74.41363128,69.05498144,40.71834017,32.71126263,13.15480921,26.83791793,72.24554768,30.77285463
A9060za,01yr,Zone,61424,0,42.3,8.99,21.54,9.18,22.45,4.28,6.32,59.88,5.62,7.75,16.1579171,85.17084853,77.354101,74.62182372,45.05834202,39.69058837,8.3009003,18.70745962,80.53020969,25.2461953
A9060za,05yrs,Zone,61424,0,42.3,8.99,21.54,9.18,22.45,4.28,6.32,59.88,5.62,7.75,16.1579171,85.17084853,77.354101,74.62182372,45.05834202,39.69058837,8.3009003,18.70745962,80.53020969,25.2461953
A9060za,10yrs,Zone,61424,0,42.3,8.99,21.54,9.18,22.45,4.28,6.32,59.88,5.62,7.75,16.1579171,85.17084853,77.354101,74.62182372,45.05834202,39.69058837,8.3009003,18.70745962,80.53020969,25.2461953
A9061za,01yr,Zone,61251,13.85,31.24,5.67,4.4,19.08,22.57,4.4,2.42,67.41,3.72,4.39,16.39535844,86.29465641,73.44987347,69.65259343,39.2331717,38.77226331,9.063554881,17.48123459,76.74162544,24.42052864
A9061za,05yrs,Zone,61251,13.85,31.24,5.67,4.4,19.08,22.57,4.4,2.42,67.41,3.72,4.39,16.39535844,86.29465641,73.44987347,69.65259343,39.2331717,38.77226331,9.063554881,17.48123459,76.74162544,24.42052864
A9061za,10yrs,Zone,61251,13.85,31.24,5.67,4.4,19.08,22.57,4.4,2.42,67.41,3.72,4.39,16.39535844,86.29465641,73.44987347,69.65259343,39.2331717,38.77226331,9.063554881,17.48123459,76.74162544,24.42052864
A9062za,01yr,Zone,56018,0,26.23,4.9,5.82,13.61,19.04,7.04,6.08,55.23,5.7,7.82,16.3253365,85.05003392,76.38715234,70.75236888,51.5865204,37.81019315,10.80177086,20.8885876,75.35495912,25.24117248
A9062za,05yrs,Zone,56018,0,26.23,4.9,5.82,13.61,19.04,7.04,6.08,55.23,5.7,7.82,16.3253365,85.05003392,76.38715234,70.75236888,51.5865204,37.81019315,10.80177086,20.8885876,75.35495912,25.24117248
A9062za,10yrs,Zone,56018,0,26.23,4.9,5.82,13.61,19.04,7.04,6.08,55.23,5.7,7.82,16.3253365,85.05003392,76.38715234,70.75236888,51.5865204,37.81019315,10.80177086,20.8885876,75.35495912,25.24117248
A9063za,01yr,Zone,60768,0,25.73,4.59,11.75,7.39,10.83,8.96,6.58,41.73,7.19,7.41,16.83968536,85.2198361,76.32782385,71.09285808,50.0147841,36.93372828,12.4399503,22.4560443,75.33528173,27.47295122
A9063za,05yrs,Zone,60768,0,25.73,4.59,11.75,7.39,10.83,8.96,6.58,41.73,7.19,7.41,16.83968536,85.2198361,76.32782385,71.09285808,50.0147841,36.93372828,12.4399503,22.4560443,75.33528173,27.47295122
A9063za,10yrs,Zone,60768,0,25.73,4.59,11.75,7.39,10.83,8.96,6.58,41.73,7.19,7.41,16.83968536,85.2198361,76.32782385,71.09285808,50.0147841,36.93372828,12.4399503,22.4560443,75.33528173,27.47295122
A9064za,01yr,Zone,56767,0,33,6.86,18.56,4.18,13.93,5.02,4.59,65.51,5.6,6.33,17.01688833,86.87130904,77.06664964,74.69616679,45.14334561,40.2727553,8.375108778,17.60250321,81.12185248,26.01147322
A9064za,05yrs,Zone,56767,0,33,6.86,18.56,4.18,13.93,5.02,4.59,65.51,5.6,6.33,17.01688833,86.87130904,77.06664964,74.69616679,45.14334561,40.2727553,8.375108778,17.60250321,81.12185248,26.01147322
A9064za,10yrs,Zone,56767,0,33,6.86,18.56,4.18,13.93,5.02,4.59,65.51,5.6,6.33,17.01688833,86.87130904,77.06664964,74.69616679,45.14334561,40.2727553,8.375108778,17.60250321,81.12185248,26.01147322
A9065za,01yr,Zone,65761,3.68,40.7,12.66,5.41,20.59,27.93,5.31,7.12,58.45,5.84,8.02,15.38522833,86.74007542,71.61263667,71.08587461,39.2589544,44.85480452,10.34626754,18.15679202,80.5776296,20.00982649
A9065za,05yrs,Zone,65761,3.68,40.7,12.66,5.41,20.59,27.93,5.31,7.12,58.45,5.84,8.02,15.38522833,86.74007542,71.61263667,71.08587461,39.2589544,44.85480452,10.34626754,18.15679202,80.5776296,20.00982649
A9065za,10yrs,Zone,65761,3.68,40.7,12.66,5.41,20.59,27.93,5.31,7.12,58.45,5.84,8.02,15.38522833,86.74007542,71.61263667,71.08587461,39.2589544,44.85480452,10.34626754,18.15679202,80.5776296,20.00982649
A9066za,01yr,Zone,59302,0,34.74,21.22,8.82,1.68,19.82,6.82,13.02,42.53,12.38,16.77,17.20375535,84.51061516,73.22275471,68.01117332,36.18542376,32.57588614,14.16221038,23.38589592,74.76886108,29.86457961
A9066za,05yrs,Zone,59302,0,34.74,21.22,8.82,1.68,19.82,6.82,13.02,42.53,12.38,16.77,17.20375535,84.51061516,73.22275471,68.01117332,36.18542376,32.57588614,14.16221038,23.38589592,74.76886108,29.86457961
A9066za,10yrs,Zone,59302,0,34.74,21.22,8.82,1.68,19.82,6.82,13.02,42.53,12.38,16.77,17.20375535,84.51061516,73.22275471,68.01117332,36.18542376,32.57588614,14.16221038,23.38589592,74.76886108,29.86457961
A9067za,01yr,Zone,54654,0,84.34,74.07,7.39,1.91,38.85,8.81,30.81,15.52,21.41,26.23,13.95891975,81.44084056,71.91138617,58.30985838,31.64995975,26.96854942,15.51196436,33.33764043,76.72331028,38.04684195
A9067za,05yrs,Zone,54654,0,84.34,74.07,7.39,1.91,38.85,8.81,30.81,15.52,21.41,26.23,13.95891975,81.44084056,71.91138617,58.30985838,31.64995975,26.96854942,15.51196436,33.33764043,76.72331028,38.04684195
A9067za,10yrs,Zone,54654,0,84.34,74.07,7.39,1.91,38.85,8.81,30.81,15.52,21.41,26.23,13.95891975,81.44084056,71.91138617,58.30985838,31.64995975,26.96854942,15.51196436,33.33764043,76.72331028,38.04684195
A9068za,01yr,Zone,62075,2.33,20.5,8.12,7.76,3.3,12.3,8.7,9.45,28.51,5.07,7.67,15.54704631,86.30328957,72.63024084,70.60599919,36.80802416,40.99231897,14.45466613,22.3872348,78.97821506,23.36043818
A9068za,05yrs,Zone,62075,2.33,20.5,8.12,7.76,3.3,12.3,8.7,9.45,28.51,5.07,7.67,15.54704631,86.30328957,72.63024084,70.60599919,36.80802416,40.99231897,14.45466613,22.3872348,78.97821506,23.36043818
A9068za,10yrs,Zone,62075,2.33,20.5,8.12,7.76,3.3,12.3,8.7,9.45,28.51,5.07,7.67,15.54704631,86.30328957,72.63024084,70.60599919,36.80802416,40.99231897,14.45466613,22.3872348,78.97821506,23.36043818
A9069za,01yr,Zone,57656,4.25,14.59,3.84,6.36,2.78,4.99,7.63,5.6,34.67,8.08,5.82,18.51680658,84.86119745,74.11555259,66.76065978,46.41035452,36.80754822,12.97959796,20.0667424,76.58098723,30.14842341
A9069za,05yrs,Zone,57656,4.25,14.59,3.84,6.36,2.78,4.99,7.63,5.6,34.67,8.08,5.82,18.51680658,84.86119745,74.11555259,66.76065978,46.41035452,36.80754822,12.97959796,20.0667424,76.58098723,30.14842341
A9069za,10yrs,Zone,57656,4.25,14.59,3.84,6.36,2.78,4.99,7.63,5.6,34.67,8.08,5.82,18.51680658,84.86119745,74.11555259,66.76065978,46.41035452,36.80754822,12.97959796,20.0667424,76.58098723,30.14842341
A9070za,01yr,Zone,53810,0,86.37,37.69,44.99,1.63,37.65,5.84,27.02,21.54,21.44,26.69,15.23424828,83.27714365,76.56389147,65.6525906,28.57203308,25.00252369,18.01836462,33.45021929,79.09462553,35.06681472
A9070za,05yrs,Zone,53810,0,86.37,37.69,44.99,1.63,37.65,5.84,27.02,21.54,21.44,26.69,15.23424828,83.27714365,76.56389147,65.6525906,28.57203308,25.00252369,18.01836462,33.45021929,79.09462553,35.06681472
A9070za,10yrs,Zone,53810,0,86.37,37.69,44.99,1.63,37.65,5.84,27.02,21.54,21.44,26.69,15.23424828,83.27714365,76.56389147,65.6525906,28.57203308,25.00252369,18.01836462,33.45021929,79.09462553,35.06681472
A9071za,01yr,Zone,56850,21.25,12.69,7.05,1.52,2.16,9.69,6.61,7.45,34.38,3.98,8,18.35580123,85.69471416,74.45243975,71.41207212,46.70644503,35.46922779,11.53871592,22.35246262,74.01378188,27.1641372
A9071za,05yrs,Zone,56850,21.25,12.69,7.05,1.52,2.16,9.69,6.61,7.45,34.38,3.98,8,18.35580123,85.69471416,74.45243975,71.41207212,46.70644503,35.46922779,11.53871592,22.35246262,74.01378188,27.1641372
A9071za,10yrs,Zone,56850,21.25,12.69,7.05,1.52,2.16,9.69,6.61,7.45,34.38,3.98,8,18.35580123,85.69471416,74.45243975,71.41207212,46.70644503,35.46922779,11.53871592,22.35246262,74.01378188,27.1641372
A9072za,01yr,Zone,59924,6.57,19.4,7.06,5.42,5.03,10.72,5.69,5.35,45.48,5.64,6.75,16.88849903,85.78795486,75.02443747,69.97370468,39.28241804,35.37956369,12.05551178,20.14328637,74.29480036,27.36487948
A9072za,05yrs,Zone,59924,6.57,19.4,7.06,5.42,5.03,10.72,5.69,5.35,45.48,5.64,6.75,16.88849903,85.78795486,75.02443747,69.97370468,39.28241804,35.37956369,12.05551178,20.14328637,74.29480036,27.36487948
A9072za,10yrs,Zone,59924,6.57,19.4,7.06,5.42,5.03,10.72,5.69,5.35,45.48,5.64,6.75,16.88849903,85.78795486,75.02443747,69.97370468,39.28241804,35.37956369,12.05551178,20.14328637,74.29480036,27.36487948
A9073za,01yr,Zone,60349,0,21.48,6.79,4.96,7.91,15.95,3.88,3.83,64.56,2.96,4.79,17.24176374,88.42790767,77.74652438,73.10458334,45.11500771,36.58214386,8.598787055,16.62924986,77.73656399,22.9787337
A9073za,05yrs,Zone,60349,0,21.48,6.79,4.96,7.91,15.95,3.88,3.83,64.56,2.96,4.79,17.24176374,88.42790767,77.74652438,73.10458334,45.11500771,36.58214386,8.598787055,16.62924986,77.73656399,22.9787337
A9073za,10yrs,Zone,60349,0,21.48,6.79,4.96,7.91,15.95,3.88,3.83,64.56,2.96,4.79,17.24176374,88.42790767,77.74652438,73.10458334,45.11500771,36.58214386,8.598787055,16.62924986,77.73656399,22.9787337
A9074za,01yr,Zone,60959,0,44.44,14.62,19.05,8.87,27.18,6.07,10.69,38.21,6.51,8.85,16.22291212,85.58757197,77.53922965,70.54758116,39.69648288,31.95543398,11.88762447,22.59708821,76.61913417,26.10039535
A9074za,05yrs,Zone,60959,0,44.44,14.62,19.05,8.87,27.18,6.07,10.69,38.21,6.51,8.85,16.22291212,85.58757197,77.53922965,70.54758116,39.69648288,31.95543398,11.88762447,22.59708821,76.61913417,26.10039535
A9074za,10yrs,Zone,60959,0,44.44,14.62,19.05,8.87,27.18,6.07,10.69,38.21,6.51,8.85,16.22291212,85.58757197,77.53922965,70.54758116,39.69648288,31.95543398,11.88762447,22.59708821,76.61913417,26.10039535
A9075za,01yr,Zone,53216,21.32,36.49,12.07,17.03,3.63,9.05,8.85,10.81,21.87,8.42,7.52,18.95459636,83.31185546,73.42450203,66.78825353,34.29829748,40.47437425,17.02360005,24.26532246,76.27512026,35.26340762
A9075za,05yrs,Zone,53216,21.32,36.49,12.07,17.03,3.63,9.05,8.85,10.81,21.87,8.42,7.52,18.95459636,83.31185546,73.42450203,66.78825353,34.29829748,40.47437425,17.02360005,24.26532246,76.27512026,35.26340762
A9075za,10yrs,Zone,53216,21.32,36.49,12.07,17.03,3.63,9.05,8.85,10.81,21.87,8.42,7.52,18.95459636,83.31185546,73.42450203,66.78825353,34.29829748,40.47437425,17.02360005,24.26532246,76.27512026,35.26340762
A9076za,01yr,Zone,62740,1.62,33.58,7.7,14.06,9.75,20.71,6.4,8.24,43.13,7.19,6.5,15.90107587,84.62311922,71.52668314,71.21121135,36.588854,41.82342525,12.05691903,20.18684731,80.3175008,21.61313516
A9076za,05yrs,Zone,62740,1.62,33.58,7.7,14.06,9.75,20.71,6.4,8.24,43.13,7.19,6.5,15.90107587,84.62311922,71.52668314,71.21121135,36.588854,41.82342525,12.05691903,20.18684731,80.3175008,21.61313516
A9076za,10yrs,Zone,62740,1.62,33.58,7.7,14.06,9.75,20.71,6.4,8.24,43.13,7.19,6.5,15.90107587,84.62311922,71.52668314,71.21121135,36.588854,41.82342525,12.05691903,20.18684731,80.3175008,21.61313516
A9077za,01yr,Zone,59261,0,75.13,54.68,3.67,14.7,48.67,8.19,22.18,28.87,15.82,22.71,15.55373348,79.52948313,70.96689391,60.4051906,30.19932839,32.53377263,12.94126154,29.09793625,75.76091696,25.73254248
A9077za,05yrs,Zone,59261,0,75.13,54.68,3.67,14.7,48.67,8.19,22.18,28.87,15.82,22.71,15.55373348,79.52948313,70.96689391,60.4051906,30.19932839,32.53377263,12.94126154,29.09793625,75.76091696,25.73254248
A9077za,10yrs,Zone,59261,0,75.13,54.68,3.67,14.7,48.67,8.19,22.18,28.87,15.82,22.71,15.55373348,79.52948313,70.96689391,60.4051906,30.19932839,32.53377263,12.94126154,29.09793625,75.76091696,25.73254248
A9078za,01yr,Zone,59944,0,35.29,11.92,7.15,14.21,22.69,6.75,9.32,30.68,5.77,8.31,14.69475844,83.862148,74.22079107,66.07537535,42.41603497,34.90622414,13.27598759,22.33475577,76.18511778,30.38424196
A9078za,05yrs,Zone,59944,0,35.29,11.92,7.15,14.21,22.69,6.75,9.32,30.68,5.77,8.31,14.69475844,83.862148,74.22079107,66.07537535,42.41603497,34.90622414,13.27598759,22.33475577,76.18511778,30.38424196
A9078za,10yrs,Zone,59944,0,35.29,11.92,7.15,14.21,22.69,6.75,9.32,30.68,5.77,8.31,14.69475844,83.862148,74.22079107,66.07537535,42.41603497,34.90622414,13.27598759,22.33475577,76.18511778,30.38424196
A9079za,01yr,Zone,59723,5.59,22.58,10.56,3.76,6.54,14.74,6.05,5.16,41.35,4.62,7.3,18.43615525,84.39653232,72.50447734,71.57718969,39.90809738,38.27567436,13.51930747,20.17697202,77.78868108,27.5199136
A9079za,05yrs,Zone,59723,5.59,22.58,10.56,3.76,6.54,14.74,6.05,5.16,41.35,4.62,7.3,18.43615525,84.39653232,72.50447734,71.57718969,39.90809738,38.27567436,13.51930747,20.17697202,77.78868108,27.5199136
A9079za,10yrs,Zone,59723,5.59,22.58,10.56,3.76,6.54,14.74,6.05,5.16,41.35,4.62,7.3,18.43615525,84.39653232,72.50447734,71.57718969,39.90809738,38.27567436,13.51930747,20.17697202,77.78868108,27.5199136
A9080za,01yr,Zone,61488,0,28.6,7.56,1.69,17.61,24.68,4.62,6.26,52.1,3.52,7.26,15.15187679,83.81781486,76.05698836,70.94590977,45.30306401,40.40324291,9.992587171,21.46711066,76.18849532,23.66172749
A9080za,05yrs,Zone,61488,0,28.6,7.56,1.69,17.61,24.68,4.62,6.26,52.1,3.52,7.26,15.15187679,83.81781486,76.05698836,70.94590977,45.30306401,40.40324291,9.992587171,21.46711066,76.18849532,23.66172749
A9080za,10yrs,Zone,61488,0,28.6,7.56,1.69,17.61,24.68,4.62,6.26,52.1,3.52,7.26,15.15187679,83.81781486,76.05698836,70.94590977,45.30306401,40.40324291,9.992587171,21.46711066,76.18849532,23.66172749
A9081za,01yr,Zone,59440,0.63,35.8,10.92,7.23,15.31,26.36,6.74,8.53,37.27,5.43,8.75,15.00510262,84.87037685,74.42961978,67.15331763,44.48178668,37.26743775,11.62322678,20.05716353,76.74699529,29.15586137
A9081za,05yrs,Zone,59440,0.63,35.8,10.92,7.23,15.31,26.36,6.74,8.53,37.27,5.43,8.75,15.00510262,84.87037685,74.42961978,67.15331763,44.48178668,37.26743775,11.62322678,20.05716353,76.74699529,29.15586137
A9081za,10yrs,Zone,59440,0.63,35.8,10.92,7.23,15.31,26.36,6.74,8.53,37.27,5.43,8.75,15.00510262,84.87037685,74.42961978,67.15331763,44.48178668,37.26743775,11.62322678,20.05716353,76.74699529,29.15586137
A9082za,01yr,Zone,57121,6.51,10.07,5.97,1.54,1.36,5.88,10.05,9.47,27.37,9.42,9.33,15.19184978,84.99225597,73.77620415,70.23553883,41.83563862,34.6011363,13.43803204,24.69369868,72.6059459,31.59119671
A9082za,05yrs,Zone,57121,6.51,10.07,5.97,1.54,1.36,5.88,10.05,9.47,27.37,9.42,9.33,15.19184978,84.99225597,73.77620415,70.23553883,41.83563862,34.6011363,13.43803204,24.69369868,72.6059459,31.59119671
A9082za,10yrs,Zone,57121,6.51,10.07,5.97,1.54,1.36,5.88,10.05,9.47,27.37,9.42,9.33,15.19184978,84.99225597,73.77620415,70.23553883,41.83563862,34.6011363,13.43803204,24.69369868,72.6059459,31.59119671
A9083za,01yr,Zone,56888,12.08,44.36,7.41,30.95,3.51,7.75,10.32,7.9,28.06,9,7.88,17.72967234,85.20555829,75.231446,67.97404725,45.39825622,34.25883315,16.30262446,25.63572282,75.97466953,32.32339333
A9083za,05yrs,Zone,56888,12.08,44.36,7.41,30.95,3.51,7.75,10.32,7.9,28.06,9,7.88,17.72967234,85.20555829,75.231446,67.97404725,45.39825622,34.25883315,16.30262446,25.63572282,75.97466953,32.32339333
A9083za,10yrs,Zone,56888,12.08,44.36,7.41,30.95,3.51,7.75,10.32,7.9,28.06,9,7.88,17.72967234,85.20555829,75.231446,67.97404725,45.39825622,34.25883315,16.30262446,25.63572282,75.97466953,32.32339333
A9084za,01yr,Zone,55985,21.94,20.67,5.73,10.43,2.24,6.39,10.18,8.72,31.94,6.38,7.12,17.63683487,84.78117174,75.52394391,69.27474681,37.29553988,42.72783781,14.81045637,22.30253997,76.34971867,33.17447709
A9084za,05yrs,Zone,55985,21.94,20.67,5.73,10.43,2.24,6.39,10.18,8.72,31.94,6.38,7.12,17.63683487,84.78117174,75.52394391,69.27474681,37.29553988,42.72783781,14.81045637,22.30253997,76.34971867,33.17447709
A9084za,10yrs,Zone,55985,21.94,20.67,5.73,10.43,2.24,6.39,10.18,8.72,31.94,6.38,7.12,17.63683487,84.78117174,75.52394391,69.27474681,37.29553988,42.72783781,14.81045637,22.30253997,76.34971867,33.17447709
A9085za,01yr,Zone,54510,0,62.42,40.03,14.16,0.58,53.34,21.8,38.4,11.85,21.8,39.29,18.26303064,77.73732893,69.46873785,60.9645166,30.47944964,28.57461229,20.66291506,33.49201247,76.52851954,34.31205467
A9085za,05yrs,Zone,54510,0,62.42,40.03,14.16,0.58,53.34,21.8,38.4,11.85,21.8,39.29,18.26303064,77.73732893,69.46873785,60.9645166,30.47944964,28.57461229,20.66291506,33.49201247,76.52851954,34.31205467
A9085za,10yrs,Zone,54510,0,62.42,40.03,14.16,0.58,53.34,21.8,38.4,11.85,21.8,39.29,18.26303064,77.73732893,69.46873785,60.9645166,30.47944964,28.57461229,20.66291506,33.49201247,76.52851954,34.31205467
A9086za,01yr,Zone,58382,0,50.79,11.09,3.73,34.05,46.05,4.08,6.84,59.14,8.69,12.68,13.29260388,81.209926,75.98400534,70.89444863,43.81023089,40.5216899,9.359487513,22.8861841,76.66135624,22.30027063
A9086za,05yrs,Zone,58382,0,50.79,11.09,3.73,34.05,46.05,4.08,6.84,59.14,8.69,12.68,13.29260388,81.209926,75.98400534,70.89444863,43.81023089,40.5216899,9.359487513,22.8861841,76.66135624,22.30027063
A9086za,10yrs,Zone,58382,0,50.79,11.09,3.73,34.05,46.05,4.08,6.84,59.14,8.69,12.68,13.29260388,81.209926,75.98400534,70.89444863,43.81023089,40.5216899,9.359487513,22.8861841,76.66135624,22.30027063
A9087za,01yr,Zone,72445,44.62,9.99,5.81,1.37,1.35,6.85,7.75,6.36,29.72,5.82,8.64,19.74997998,84.60963628,74.7496625,67.54430948,35.98335013,34.10993719,14.07042308,21.57656015,74.03156325,33.13702119
A9087za,05yrs,Zone,72445,44.62,9.99,5.81,1.37,1.35,6.85,7.75,6.36,29.72,5.82,8.64,19.74997998,84.60963628,74.7496625,67.54430948,35.98335013,34.10993719,14.07042308,21.57656015,74.03156325,33.13702119
A9087za,10yrs,Zone,72445,44.62,9.99,5.81,1.37,1.35,6.85,7.75,6.36,29.72,5.82,8.64,19.74997998,84.60963628,74.7496625,67.54430948,35.98335013,34.10993719,14.07042308,21.57656015,74.03156325,33.13702119
A9088za,01yr,Zone,56808,0,31.91,6.89,19.53,3.3,8.01,10.94,10.1,23.83,11.66,11.17,18.40156844,83.82007464,74.12494719,67.65202436,46.11754858,34.53530841,16.38778165,25.13020173,74.91182228,30.83814252
A9088za,05yrs,Zone,56808,0,31.91,6.89,19.53,3.3,8.01,10.94,10.1,23.83,11.66,11.17,18.40156844,83.82007464,74.12494719,67.65202436,46.11754858,34.53530841,16.38778165,25.13020173,74.91182228,30.83814252
A9088za,10yrs,Zone,56808,0,31.91,6.89,19.53,3.3,8.01,10.94,10.1,23.83,11.66,11.17,18.40156844,83.82007464,74.12494719,67.65202436,46.11754858,34.53530841,16.38778165,25.13020173,74.91182228,30.83814252
A9089za,01yr,Zone,59841,0,9.82,6.87,0.79,1.27,5.74,7.78,6.23,33.6,6.83,8.94,16.86304875,86.19976605,72.2897846,69.55834127,43.31776541,35.553836,12.39681489,21.905284,73.74885781,30.73244264
A9089za,05yrs,Zone,59841,0,9.82,6.87,0.79,1.27,5.74,7.78,6.23,33.6,6.83,8.94,16.86304875,86.19976605,72.2897846,69.55834127,43.31776541,35.553836,12.39681489,21.905284,73.74885781,30.73244264
A9089za,10yrs,Zone,59841,0,9.82,6.87,0.79,1.27,5.74,7.78,6.23,33.6,6.83,8.94,16.86304875,86.19976605,72.2897846,69.55834127,43.31776541,35.553836,12.39681489,21.905284,73.74885781,30.73244264
A9090za,01yr,Zone,57913,0,85.48,54.31,27.32,1.7,44.57,7.33,30.28,8.89,20.98,28.66,15.78532627,81.05293975,74.20001727,60.65820455,26.45118367,23.3513408,19.26520125,36.07272978,76.52392209,35.00170083
A9090za,05yrs,Zone,57913,0,85.48,54.31,27.32,1.7,44.57,7.33,30.28,8.89,20.98,28.66,15.78532627,81.05293975,74.20001727,60.65820455,26.45118367,23.3513408,19.26520125,36.07272978,76.52392209,35.00170083
A9090za,10yrs,Zone,57913,0,85.48,54.31,27.32,1.7,44.57,7.33,30.28,8.89,20.98,28.66,15.78532627,81.05293975,74.20001727,60.65820455,26.45118367,23.3513408,19.26520125,36.07272978,76.52392209,35.00170083
A9091za,01yr,Zone,58650,0,80.39,44.71,32.32,1.58,28.1,12.53,32.33,10.77,24.12,24.81,14.69236999,81.76952771,68.83951066,61.04449616,25.2799318,30.47750524,22.39062575,35.51658142,79.74734186,31.80432737
A9091za,05yrs,Zone,58650,0,80.39,44.71,32.32,1.58,28.1,12.53,32.33,10.77,24.12,24.81,14.69236999,81.76952771,68.83951066,61.04449616,25.2799318,30.47750524,22.39062575,35.51658142,79.74734186,31.80432737
A9091za,10yrs,Zone,58650,0,80.39,44.71,32.32,1.58,28.1,12.53,32.33,10.77,24.12,24.81,14.69236999,81.76952771,68.83951066,61.04449616,25.2799318,30.47750524,22.39062575,35.51658142,79.74734186,31.80432737
A9092za,01yr,Zone,54857,0,66.16,8.66,50.13,3.17,14.29,11.5,10.52,21.06,10.67,10.66,14.99114789,84.50213282,78.36219443,70.09310389,32.97058169,39.16545746,16.73673734,27.72892247,78.2497457,38.60087136
A9092za,05yrs,Zone,54857,0,66.16,8.66,50.13,3.17,14.29,11.5,10.52,21.06,10.67,10.66,14.99114789,84.50213282,78.36219443,70.09310389,32.97058169,39.16545746,16.73673734,27.72892247,78.2497457,38.60087136
A9092za,10yrs,Zone,54857,0,66.16,8.66,50.13,3.17,14.29,11.5,10.52,21.06,10.67,10.66,14.99114789,84.50213282,78.36219443,70.09310389,32.97058169,39.16545746,16.73673734,27.72892247,78.2497457,38.60087136
A9093za,01yr,Zone,60898,0,59.5,14.75,7.06,35.21,41.64,6.09,10.38,41.41,6.79,11.25,13.0753588,81.37048015,74.02581858,66.38107984,43.24765345,35.81308253,10.72919308,21.77657723,76.56712043,26.14551381
A9093za,05yrs,Zone,60898,0,59.5,14.75,7.06,35.21,41.64,6.09,10.38,41.41,6.79,11.25,13.0753588,81.37048015,74.02581858,66.38107984,43.24765345,35.81308253,10.72919308,21.77657723,76.56712043,26.14551381
A9093za,10yrs,Zone,60898,0,59.5,14.75,7.06,35.21,41.64,6.09,10.38,41.41,6.79,11.25,13.0753588,81.37048015,74.02581858,66.38107984,43.24765345,35.81308253,10.72919308,21.77657723,76.56712043,26.14551381
A9094za,01yr,Zone,55357,0,42.38,18.99,12.57,8.29,21.41,6.41,7.88,41.27,6.89,7.32,17.24322308,83.29316076,74.99138862,71.54612425,42.45396969,37.71223874,10.62396987,21.54360424,79.03420164,26.70066658
A9094za,05yrs,Zone,55357,0,42.38,18.99,12.57,8.29,21.41,6.41,7.88,41.27,6.89,7.32,17.24322308,83.29316076,74.99138862,71.54612425,42.45396969,37.71223874,10.62396987,21.54360424,79.03420164,26.70066658
A9094za,10yrs,Zone,55357,0,42.38,18.99,12.57,8.29,21.41,6.41,7.88,41.27,6.89,7.32,17.24322308,83.29316076,74.99138862,71.54612425,42.45396969,37.71223874,10.62396987,21.54360424,79.03420164,26.70066658
A9095za,01yr,Zone,64573,0,32.4,5.43,0.91,24.51,27.89,3.91,4.95,62.09,4.64,6.58,14.57843836,83.72478126,76.21597572,70.65069456,45.85280535,41.45237638,9.209993341,20.50421074,76.80414879,22.73671194
A9095za,05yrs,Zone,64573,0,32.4,5.43,0.91,24.51,27.89,3.91,4.95,62.09,4.64,6.58,14.57843836,83.72478126,76.21597572,70.65069456,45.85280535,41.45237638,9.209993341,20.50421074,76.80414879,22.73671194
A9095za,10yrs,Zone,64573,0,32.4,5.43,0.91,24.51,27.89,3.91,4.95,62.09,4.64,6.58,14.57843836,83.72478126,76.21597572,70.65069456,45.85280535,41.45237638,9.209993341,20.50421074,76.80414879,22.73671194
A9096za,01yr,Zone,55358,0,19.06,5.37,8.07,3.15,7.97,8.52,7.14,32.68,6.73,7.03,17.82599624,84.6295838,75.26220781,70.05247661,37.95583655,42.45258499,14.09866144,21.66486867,76.23620796,32.10930308
A9096za,05yrs,Zone,55358,0,19.06,5.37,8.07,3.15,7.97,8.52,7.14,32.68,6.73,7.03,17.82599624,84.6295838,75.26220781,70.05247661,37.95583655,42.45258499,14.09866144,21.66486867,76.23620796,32.10930308
A9096za,10yrs,Zone,55358,0,19.06,5.37,8.07,3.15,7.97,8.52,7.14,32.68,6.73,7.03,17.82599624,84.6295838,75.26220781,70.05247661,37.95583655,42.45258499,14.09866144,21.66486867,76.23620796,32.10930308
A9097za,01yr,Zone,58113,13.56,28.16,6.07,4.16,15.47,23.33,3.96,3.84,75.29,4.16,3.66,16.2045618,86.27909074,71.49299985,72.85896271,41.3485967,46.28867895,8.604627192,15.73114105,81.02336482,18.67316091
A9097za,05yrs,Zone,58113,13.56,28.16,6.07,4.16,15.47,23.33,3.96,3.84,75.29,4.16,3.66,16.2045618,86.27909074,71.49299985,72.85896271,41.3485967,46.28867895,8.604627192,15.73114105,81.02336482,18.67316091
A9097za,10yrs,Zone,58113,13.56,28.16,6.07,4.16,15.47,23.33,3.96,3.84,75.29,4.16,3.66,16.2045618,86.27909074,71.49299985,72.85896271,41.3485967,46.28867895,8.604627192,15.73114105,81.02336482,18.67316091
A9098za,01yr,Zone,56602,0,11.54,5.15,2.54,2.57,5.76,11.85,9.63,25.3,8.88,9.42,18.16394474,83.93824246,74.20922052,67.65668528,47.95691318,34.35674004,16.04059574,24.83903219,73.57989824,29.14341189
A9098za,05yrs,Zone,56602,0,11.54,5.15,2.54,2.57,5.76,11.85,9.63,25.3,8.88,9.42,18.16394474,83.93824246,74.20922052,67.65668528,47.95691318,34.35674004,16.04059574,24.83903219,73.57989824,29.14341189
A9098za,10yrs,Zone,56602,0,11.54,5.15,2.54,2.57,5.76,11.85,9.63,25.3,8.88,9.42,18.16394474,83.93824246,74.20922052,67.65668528,47.95691318,34.35674004,16.04059574,24.83903219,73.57989824,29.14341189
A9099za,01yr,Zone,54147,0,54.58,8.34,12.13,31.41,28.48,3.82,5.22,61.79,11.95,7.42,14.76947015,77.76312446,72.36568785,66.75668827,42.3105583,34.82575027,9.463383013,19.26850056,77.7468133,24.91958927
A9099za,05yrs,Zone,54147,0,54.58,8.34,12.13,31.41,28.48,3.82,5.22,61.79,11.95,7.42,14.76947015,77.76312446,72.36568785,66.75668827,42.3105583,34.82575027,9.463383013,19.26850056,77.7468133,24.91958927
A9099za,10yrs,Zone,54147,0,54.58,8.34,12.13,31.41,28.48,3.82,5.22,61.79,11.95,7.42,14.76947015,77.76312446,72.36568785,66.75668827,42.3105583,34.82575027,9.463383013,19.26850056,77.7468133,24.91958927
A9100za,01yr,Zone,51748,0,90.05,61.28,20.75,6.55,30.67,7.73,32.38,10.1,33.6,21.22,14.29955747,77.17720492,72.69711293,59.79413311,29.06557355,22.81959689,18.8138672,43.34758058,74.61576293,37.63628739
A9100za,05yrs,Zone,51748,0,90.05,61.28,20.75,6.55,30.67,7.73,32.38,10.1,33.6,21.22,14.29955747,77.17720492,72.69711293,59.79413311,29.06557355,22.81959689,18.8138672,43.34758058,74.61576293,37.63628739
A9100za,10yrs,Zone,51748,0,90.05,61.28,20.75,6.55,30.67,7.73,32.38,10.1,33.6,21.22,14.29955747,77.17720492,72.69711293,59.79413311,29.06557355,22.81959689,18.8138672,43.34758058,74.61576293,37.63628739
A9101za,01yr,Zone,59051,2.97,22.19,5.73,12.62,1.73,4.96,13.21,9.38,26.71,13.27,8.86,17.52570659,85.00317353,74.63619922,65.79568001,44.04082234,34.42956089,15.82640768,23.98552268,75.55238184,32.83828047
A9101za,05yrs,Zone,59051,2.97,22.19,5.73,12.62,1.73,4.96,13.21,9.38,26.71,13.27,8.86,17.52570659,85.00317353,74.63619922,65.79568001,44.04082234,34.42956089,15.82640768,23.98552268,75.55238184,32.83828047
A9101za,10yrs,Zone,59051,2.97,22.19,5.73,12.62,1.73,4.96,13.21,9.38,26.71,13.27,8.86,17.52570659,85.00317353,74.63619922,65.79568001,44.04082234,34.42956089,15.82640768,23.98552268,75.55238184,32.83828047
A9102za,01yr,Zone,58583,0,83.54,50.37,26.45,4.98,19.11,12.92,28.35,11.3,27.97,18.16,15.08761586,78.97684482,73.41433863,59.84092143,34.30580715,25.8735879,20.7609682,39.09347934,75.79278801,37.5044757
A9102za,05yrs,Zone,58583,0,83.54,50.37,26.45,4.98,19.11,12.92,28.35,11.3,27.97,18.16,15.08761586,78.97684482,73.41433863,59.84092143,34.30580715,25.8735879,20.7609682,39.09347934,75.79278801,37.5044757
A9102za,10yrs,Zone,58583,0,83.54,50.37,26.45,4.98,19.11,12.92,28.35,11.3,27.97,18.16,15.08761586,78.97684482,73.41433863,59.84092143,34.30580715,25.8735879,20.7609682,39.09347934,75.79278801,37.5044757
A9103za,01yr,Zone,60565,0,55.12,21.39,12.68,18.52,30.23,6.51,11.83,27.53,10.21,12.56,14.12916701,81.9606654,73.76908445,63.90455379,40.42484603,33.36475687,13.94643111,24.84965409,75.9602262,31.42695286
A9103za,05yrs,Zone,60565,0,55.12,21.39,12.68,18.52,30.23,6.51,11.83,27.53,10.21,12.56,14.12916701,81.9606654,73.76908445,63.90455379,40.42484603,33.36475687,13.94643111,24.84965409,75.9602262,31.42695286
A9103za,10yrs,Zone,60565,0,55.12,21.39,12.68,18.52,30.23,6.51,11.83,27.53,10.21,12.56,14.12916701,81.9606654,73.76908445,63.90455379,40.42484603,33.36475687,13.94643111,24.84965409,75.9602262,31.42695286
A9104za,01yr,Zone,61200,30.35,11.9,5.19,1.2,4.06,11.46,4.22,2.72,63.74,3.17,4.43,17.91223856,87.3191585,74.68701961,74.34804085,43.93407026,41.95698856,9.745287582,16.05260784,79.1586781,25.23017974
A9104za,05yrs,Zone,61200,30.35,11.9,5.19,1.2,4.06,11.46,4.22,2.72,63.74,3.17,4.43,17.91223856,87.3191585,74.68701961,74.34804085,43.93407026,41.95698856,9.745287582,16.05260784,79.1586781,25.23017974
A9104za,10yrs,Zone,61200,30.35,11.9,5.19,1.2,4.06,11.46,4.22,2.72,63.74,3.17,4.43,17.91223856,87.3191585,74.68701961,74.34804085,43.93407026,41.95698856,9.745287582,16.05260784,79.1586781,25.23017974
A9105za,01yr,Zone,53305,0,95.4,15.91,75.57,1.35,32.99,10.35,17.68,19.63,22.95,21.56,13.75295,81.94395648,78.54397148,69.46202045,29.94528281,28.81478285,17.6798987,33.70674984,82.29659319,38.74732764
A9105za,05yrs,Zone,53305,0,95.4,15.91,75.57,1.35,32.99,10.35,17.68,19.63,22.95,21.56,13.75295,81.94395648,78.54397148,69.46202045,29.94528281,28.81478285,17.6798987,33.70674984,82.29659319,38.74732764
A9105za,10yrs,Zone,53305,0,95.4,15.91,75.57,1.35,32.99,10.35,17.68,19.63,22.95,21.56,13.75295,81.94395648,78.54397148,69.46202045,29.94528281,28.81478285,17.6798987,33.70674984,82.29659319,38.74732764
A9106za,01yr,Zone,60562,0,19.15,3.93,6.7,6.64,9.29,5.83,4.61,51.42,4.4,4.06,17.29861134,86.39551699,76.36737558,72.36899541,41.16543377,46.23275817,11.04047753,18.59787821,76.99027443,29.69511575
A9106za,05yrs,Zone,60562,0,19.15,3.93,6.7,6.64,9.29,5.83,4.61,51.42,4.4,4.06,17.29861134,86.39551699,76.36737558,72.36899541,41.16543377,46.23275817,11.04047753,18.59787821,76.99027443,29.69511575
A9106za,10yrs,Zone,60562,0,19.15,3.93,6.7,6.64,9.29,5.83,4.61,51.42,4.4,4.06,17.29861134,86.39551699,76.36737558,72.36899541,41.16543377,46.23275817,11.04047753,18.59787821,76.99027443,29.69511575
A9107za,01yr,Zone,62037,0.66,30.55,9.04,3.77,15.65,28.7,5.73,7.78,46.5,7.18,12.29,14.39902478,84.92349888,75.14856295,67.52442091,44.806804,36.6229621,11.17819849,19.87856924,76.80779212,28.44098361
A9107za,05yrs,Zone,62037,0.66,30.55,9.04,3.77,15.65,28.7,5.73,7.78,46.5,7.18,12.29,14.39902478,84.92349888,75.14856295,67.52442091,44.806804,36.6229621,11.17819849,19.87856924,76.80779212,28.44098361
A9107za,10yrs,Zone,62037,0.66,30.55,9.04,3.77,15.65,28.7,5.73,7.78,46.5,7.18,12.29,14.39902478,84.92349888,75.14856295,67.52442091,44.806804,36.6229621,11.17819849,19.87856924,76.80779212,28.44098361
A9108za,01yr,Zone,55076,1.67,16.95,5.71,1.53,8.03,15.24,3.66,3.49,60.59,2.63,3.92,17.17476215,85.28128404,74.93955443,71.66854528,46.30080797,42.70124374,9.686616675,18.69581851,77.11396071,24.55913828
A9108za,05yrs,Zone,55076,1.67,16.95,5.71,1.53,8.03,15.24,3.66,3.49,60.59,2.63,3.92,17.17476215,85.28128404,74.93955443,71.66854528,46.30080797,42.70124374,9.686616675,18.69581851,77.11396071,24.55913828
A9108za,10yrs,Zone,55076,1.67,16.95,5.71,1.53,8.03,15.24,3.66,3.49,60.59,2.63,3.92,17.17476215,85.28128404,74.93955443,71.66854528,46.30080797,42.70124374,9.686616675,18.69581851,77.11396071,24.55913828
A9109za,01yr,Zone,56969,2.52,28.59,9.65,12.71,4.2,9.45,10.72,12.28,26.94,9.88,11.98,18.04122944,83.77726834,74.18995945,67.74841581,46.38077551,34.59098808,16.07534624,25.35614808,74.75815619,30.34472081
A9109za,05yrs,Zone,56969,2.52,28.59,9.65,12.71,4.2,9.45,10.72,12.28,26.94,9.88,11.98,18.04122944,83.77726834,74.18995945,67.74841581,46.38077551,34.59098808,16.07534624,25.35614808,74.75815619,30.34472081
A9109za,10yrs,Zone,56969,2.52,28.59,9.65,12.71,4.2,9.45,10.72,12.28,26.94,9.88,11.98,18.04122944,83.77726834,74.18995945,67.74841581,46.38077551,34.59098808,16.07534624,25.35614808,74.75815619,30.34472081
A9110za,01yr,Zone,63835,0,15.37,6.54,0.87,6.8,15.21,5.07,4.36,56.78,4.31,4.13,16.46077387,86.44821806,75.96215399,72.23459074,46.67206235,42.48426568,9.836627242,19.30791885,77.07643142,24.87350043
A9110za,05yrs,Zone,63835,0,15.37,6.54,0.87,6.8,15.21,5.07,4.36,56.78,4.31,4.13,16.46077387,86.44821806,75.96215399,72.23459074,46.67206235,42.48426568,9.836627242,19.30791885,77.07643142,24.87350043
A9110za,10yrs,Zone,63835,0,15.37,6.54,0.87,6.8,15.21,5.07,4.36,56.78,4.31,4.13,16.46077387,86.44821806,75.96215399,72.23459074,46.67206235,42.48426568,9.836627242,19.30791885,77.07643142,24.87350043
A9111za,01yr,Zone,56818,0,32.3,19.71,3.05,7.47,18.5,4.02,8.12,72.16,12.14,5.96,21.80940019,84.7375462,67.63817628,67.81826182,37.61242388,39.32328135,8.785819635,15.82594424,78.61347284,20.8262188
A9111za,05yrs,Zone,56818,0,32.3,19.71,3.05,7.47,18.5,4.02,8.12,72.16,12.14,5.96,21.80940019,84.7375462,67.63817628,67.81826182,37.61242388,39.32328135,8.785819635,15.82594424,78.61347284,20.8262188
A9111za,10yrs,Zone,56818,0,32.3,19.71,3.05,7.47,18.5,4.02,8.12,72.16,12.14,5.96,21.80940019,84.7375462,67.63817628,67.81826182,37.61242388,39.32328135,8.785819635,15.82594424,78.61347284,20.8262188
A9112za,01yr,Zone,56587,0,64.35,24.29,30.18,7.38,28.73,5.48,9.74,48.3,11.42,13.94,15.35450545,83.93372859,75.8201283,70.12422995,38.67018573,36.80803188,12.19664587,25.85136692,78.99606977,30.02853306
A9112za,05yrs,Zone,56587,0,64.35,24.29,30.18,7.38,28.73,5.48,9.74,48.3,11.42,13.94,15.35450545,83.93372859,75.8201283,70.12422995,38.67018573,36.80803188,12.19664587,25.85136692,78.99606977,30.02853306
A9112za,10yrs,Zone,56587,0,64.35,24.29,30.18,7.38,28.73,5.48,9.74,48.3,11.42,13.94,15.35450545,83.93372859,75.8201283,70.12422995,38.67018573,36.80803188,12.19664587,25.85136692,78.99606977,30.02853306
A9113za,01yr,Zone,55985,0,49.77,32.4,11.83,3.99,22.77,6.33,13.5,25.06,12.97,12.93,16.37697419,82.32486916,73.82496383,66.70495133,39.53988211,29.08887202,14.0699223,31.05052068,74.55149236,31.30039296
A9113za,05yrs,Zone,55985,0,49.77,32.4,11.83,3.99,22.77,6.33,13.5,25.06,12.97,12.93,16.37697419,82.32486916,73.82496383,66.70495133,39.53988211,29.08887202,14.0699223,31.05052068,74.55149236,31.30039296
A9113za,10yrs,Zone,55985,0,49.77,32.4,11.83,3.99,22.77,6.33,13.5,25.06,12.97,12.93,16.37697419,82.32486916,73.82496383,66.70495133,39.53988211,29.08887202,14.0699223,31.05052068,74.55149236,31.30039296
A9114za,01yr,Zone,59516,0,72.58,61.59,1.94,7.47,46.33,6.66,17.88,28.6,14.4,19.52,16.05425768,81.7937815,71.8053263,62.42749177,31.23254083,33.27858559,11.97144633,28.31160024,75.97647019,26.29304221
A9114za,05yrs,Zone,59516,0,72.58,61.59,1.94,7.47,46.33,6.66,17.88,28.6,14.4,19.52,16.05425768,81.7937815,71.8053263,62.42749177,31.23254083,33.27858559,11.97144633,28.31160024,75.97647019,26.29304221
A9114za,10yrs,Zone,59516,0,72.58,61.59,1.94,7.47,46.33,6.66,17.88,28.6,14.4,19.52,16.05425768,81.7937815,71.8053263,62.42749177,31.23254083,33.27858559,11.97144633,28.31160024,75.97647019,26.29304221
A9115za,01yr,Zone,52454,0,49.44,16.51,29.41,1.31,16.21,10.96,12.24,29.25,18.51,18.21,15.81245091,84.32437183,75.29894384,68.21313913,33.51262821,30.78662638,15.85146033,26.2268807,75.7105216,33.07218706
A9115za,05yrs,Zone,52454,0,49.44,16.51,29.41,1.31,16.21,10.96,12.24,29.25,18.51,18.21,15.81245091,84.32437183,75.29894384,68.21313913,33.51262821,30.78662638,15.85146033,26.2268807,75.7105216,33.07218706
A9115za,10yrs,Zone,52454,0,49.44,16.51,29.41,1.31,16.21,10.96,12.24,29.25,18.51,18.21,15.81245091,84.32437183,75.29894384,68.21313913,33.51262821,30.78662638,15.85146033,26.2268807,75.7105216,33.07218706
A9116za,01yr,Zone,62466,73.27,10.14,4.16,2.67,2.11,6.63,5.6,4.7,47.2,2.88,4.23,18.72833862,87.08350943,75.69035315,70.76560369,44.46503858,41.32783274,11.31960747,18.43928697,75.85697339,29.72375852
A9116za,05yrs,Zone,62466,73.27,10.14,4.16,2.67,2.11,6.63,5.6,4.7,47.2,2.88,4.23,18.72833862,87.08350943,75.69035315,70.76560369,44.46503858,41.32783274,11.31960747,18.43928697,75.85697339,29.72375852
A9116za,10yrs,Zone,62466,73.27,10.14,4.16,2.67,2.11,6.63,5.6,4.7,47.2,2.88,4.23,18.72833862,87.08350943,75.69035315,70.76560369,44.46503858,41.32783274,11.31960747,18.43928697,75.85697339,29.72375852
A9117za,01yr,Zone,56926,0,97.46,13.14,81.66,0.5,14.12,16.51,19.26,12.05,34.01,18.62,12.75324632,79.96869269,78.86629484,66.62967888,26.24447001,26.44328602,22.07554896,38.76038893,82.33356287,42.31307136
A9117za,05yrs,Zone,56926,0,97.46,13.14,81.66,0.5,14.12,16.51,19.26,12.05,34.01,18.62,12.75324632,79.96869269,78.86629484,66.62967888,26.24447001,26.44328602,22.07554896,38.76038893,82.33356287,42.31307136
A9117za,10yrs,Zone,56926,0,97.46,13.14,81.66,0.5,14.12,16.51,19.26,12.05,34.01,18.62,12.75324632,79.96869269,78.86629484,66.62967888,26.24447001,26.44328602,22.07554896,38.76038893,82.33356287,42.31307136
A9118za,01yr,Zone,67319,1.37,30.65,13.88,6.43,8.78,21.23,4.45,7.67,57.39,6.05,8.08,17.72740088,85.31992008,73.41467491,74.20535956,41.54637621,39.1272048,10.40332001,18.49337334,78.99957961,25.4432701
A9118za,05yrs,Zone,67319,1.37,30.65,13.88,6.43,8.78,21.23,4.45,7.67,57.39,6.05,8.08,17.72740088,85.31992008,73.41467491,74.20535956,41.54637621,39.1272048,10.40332001,18.49337334,78.99957961,25.4432701
A9118za,10yrs,Zone,67319,1.37,30.65,13.88,6.43,8.78,21.23,4.45,7.67,57.39,6.05,8.08,17.72740088,85.31992008,73.41467491,74.20535956,41.54637621,39.1272048,10.40332001,18.49337334,78.99957961,25.4432701
A9119za,01yr,Zone,59875,0,95.75,10.37,82.3,1.04,30.65,9.86,17.73,15.21,21.86,21.11,14.17067891,82.76920418,78.81457704,70.50834572,30.74007015,30.49171106,17.64384134,32.18330689,82.96228309,38.86575365
A9119za,05yrs,Zone,59875,0,95.75,10.37,82.3,1.04,30.65,9.86,17.73,15.21,21.86,21.11,14.17067891,82.76920418,78.81457704,70.50834572,30.74007015,30.49171106,17.64384134,32.18330689,82.96228309,38.86575365
A9119za,10yrs,Zone,59875,0,95.75,10.37,82.3,1.04,30.65,9.86,17.73,15.21,21.86,21.11,14.17067891,82.76920418,78.81457704,70.50834572,30.74007015,30.49171106,17.64384134,32.18330689,82.96228309,38.86575365
A9120za,01yr,Zone,55892,0,80.81,28.28,40.83,8.85,27.05,9,17.61,28.43,24.06,18.69,14.5504795,81.29111501,74.04371824,62.85643026,27.61810635,31.11040399,16.4683783,30.69089494,78.33549345,30.39594933
A9120za,05yrs,Zone,55892,0,80.81,28.28,40.83,8.85,27.05,9,17.61,28.43,24.06,18.69,14.5504795,81.29111501,74.04371824,62.85643026,27.61810635,31.11040399,16.4683783,30.69089494,78.33549345,30.39594933
A9120za,10yrs,Zone,55892,0,80.81,28.28,40.83,8.85,27.05,9,17.61,28.43,24.06,18.69,14.5504795,81.29111501,74.04371824,62.85643026,27.61810635,31.11040399,16.4683783,30.69089494,78.33549345,30.39594933
A9121za,01yr,Zone,53811,0,93.04,44.1,43.82,2.96,21.76,14.9,26.92,17.79,34.58,21.97,14.92254186,77.14548327,74.11287655,63.51294345,26.36124584,26.76417647,18.36786716,36.73595547,80.80812473,37.58560146
A9121za,05yrs,Zone,53811,0,93.04,44.1,43.82,2.96,21.76,14.9,26.92,17.79,34.58,21.97,14.92254186,77.14548327,74.11287655,63.51294345,26.36124584,26.76417647,18.36786716,36.73595547,80.80812473,37.58560146
A9121za,10yrs,Zone,53811,0,93.04,44.1,43.82,2.96,21.76,14.9,26.92,17.79,34.58,21.97,14.92254186,77.14548327,74.11287655,63.51294345,26.36124584,26.76417647,18.36786716,36.73595547,80.80812473,37.58560146
A9122za,01yr,Zone,52006,5.6,9.61,2.8,2.39,3.03,5.79,5.5,3.94,50.57,3.93,4.8,18.40542053,86.9824751,75.74432181,72.26246972,41.44801754,46.80968542,11.1000923,17.56416567,77.44460639,29.91632696
A9122za,05yrs,Zone,52006,5.6,9.61,2.8,2.39,3.03,5.79,5.5,3.94,50.57,3.93,4.8,18.40542053,86.9824751,75.74432181,72.26246972,41.44801754,46.80968542,11.1000923,17.56416567,77.44460639,29.91632696
A9122za,10yrs,Zone,52006,5.6,9.61,2.8,2.39,3.03,5.79,5.5,3.94,50.57,3.93,4.8,18.40542053,86.9824751,75.74432181,72.26246972,41.44801754,46.80968542,11.1000923,17.56416567,77.44460639,29.91632696
A9123za,01yr,Zone,60472,1.65,30.88,6.28,15.35,5.94,11.3,7.22,6,40.04,6.01,6.99,17.7751141,85.66939741,75.49029799,70.76597599,38.56300933,44.24944768,13.23676743,20.61264718,77.11690865,32.19071636
A9123za,05yrs,Zone,60472,1.65,30.88,6.28,15.35,5.94,11.3,7.22,6,40.04,6.01,6.99,17.7751141,85.66939741,75.49029799,70.76597599,38.56300933,44.24944768,13.23676743,20.61264718,77.11690865,32.19071636
A9123za,10yrs,Zone,60472,1.65,30.88,6.28,15.35,5.94,11.3,7.22,6,40.04,6.01,6.99,17.7751141,85.66939741,75.49029799,70.76597599,38.56300933,44.24944768,13.23676743,20.61264718,77.11690865,32.19071636
A9124za,01yr,Zone,57597,0,67.61,31.45,7.01,27.36,45.82,4.64,11.64,40.46,9.58,22.03,14.91220376,79.49844784,73.18685175,66.28195913,39.00613574,37.01592097,12.33681789,27.20955258,76.15955171,26.10214247
A9124za,05yrs,Zone,57597,0,67.61,31.45,7.01,27.36,45.82,4.64,11.64,40.46,9.58,22.03,14.91220376,79.49844784,73.18685175,66.28195913,39.00613574,37.01592097,12.33681789,27.20955258,76.15955171,26.10214247
A9124za,10yrs,Zone,57597,0,67.61,31.45,7.01,27.36,45.82,4.64,11.64,40.46,9.58,22.03,14.91220376,79.49844784,73.18685175,66.28195913,39.00613574,37.01592097,12.33681789,27.20955258,76.15955171,26.10214247
A9125za,01yr,Zone,56391,11.2,13.55,6.07,4.1,1.99,7.61,14.52,10.48,21.43,7.39,7.09,13.11453955,84.171233,76.30312107,70.35869731,40.74724335,32.53307975,13.07819688,28.17769857,71.46025784,30.95034846
A9125za,05yrs,Zone,56391,11.2,13.55,6.07,4.1,1.99,7.61,14.52,10.48,21.43,7.39,7.09,13.11453955,84.171233,76.30312107,70.35869731,40.74724335,32.53307975,13.07819688,28.17769857,71.46025784,30.95034846
A9125za,10yrs,Zone,56391,11.2,13.55,6.07,4.1,1.99,7.61,14.52,10.48,21.43,7.39,7.09,13.11453955,84.171233,76.30312107,70.35869731,40.74724335,32.53307975,13.07819688,28.17769857,71.46025784,30.95034846
A9126za,01yr,Zone,56006,0,88.04,21.9,43.53,18.18,32.65,11.21,16.26,27.06,20.9,17.45,13.36824804,79.33896547,74.88584973,62.76943006,28.14578617,31.14366675,16.37012463,31.63605149,77.39941078,29.04789665
A9126za,05yrs,Zone,56006,0,88.04,21.9,43.53,18.18,32.65,11.21,16.26,27.06,20.9,17.45,13.36824804,79.33896547,74.88584973,62.76943006,28.14578617,31.14366675,16.37012463,31.63605149,77.39941078,29.04789665
A9126za,10yrs,Zone,56006,0,88.04,21.9,43.53,18.18,32.65,11.21,16.26,27.06,20.9,17.45,13.36824804,79.33896547,74.88584973,62.76943006,28.14578617,31.14366675,16.37012463,31.63605149,77.39941078,29.04789665
A9127za,01yr,Zone,56710,0,55.38,41.87,3.37,7.33,43.82,6.74,18.29,24.24,12.79,22.1,17.22395168,80.88199259,70.35495327,61.53034914,32.22933521,33.63407336,14.26846764,27.0003033,74.92571857,25.9476706
A9127za,05yrs,Zone,56710,0,55.38,41.87,3.37,7.33,43.82,6.74,18.29,24.24,12.79,22.1,17.22395168,80.88199259,70.35495327,61.53034914,32.22933521,33.63407336,14.26846764,27.0003033,74.92571857,25.9476706
A9127za,10yrs,Zone,56710,0,55.38,41.87,3.37,7.33,43.82,6.74,18.29,24.24,12.79,22.1,17.22395168,80.88199259,70.35495327,61.53034914,32.22933521,33.63407336,14.26846764,27.0003033,74.92571857,25.9476706
A9128za,01yr,Zone,57823,0,57.55,11.28,13.65,29.99,34.64,6.47,7.66,52.38,6.64,9.39,14.19297511,84.32546565,74.01988309,67.65365512,45.00441347,38.72753057,9.888514951,18.85673348,78.29758574,27.03678121
A9128za,05yrs,Zone,57823,0,57.55,11.28,13.65,29.99,34.64,6.47,7.66,52.38,6.64,9.39,14.19297511,84.32546565,74.01988309,67.65365512,45.00441347,38.72753057,9.888514951,18.85673348,78.29758574,27.03678121
A9128za,10yrs,Zone,57823,0,57.55,11.28,13.65,29.99,34.64,6.47,7.66,52.38,6.64,9.39,14.19297511,84.32546565,74.01988309,67.65365512,45.00441347,38.72753057,9.888514951,18.85673348,78.29758574,27.03678121
A9129za,01yr,Zone,59628,0,12.43,5.21,0.8,5.09,13.39,4.74,3.82,60.55,3.94,4.64,16.89089354,86.81857852,75.78742202,72.00943349,46.79226538,42.76563527,9.900046958,18.87668545,77.15709734,25.05957436
A9129za,05yrs,Zone,59628,0,12.43,5.21,0.8,5.09,13.39,4.74,3.82,60.55,3.94,4.64,16.89089354,86.81857852,75.78742202,72.00943349,46.79226538,42.76563527,9.900046958,18.87668545,77.15709734,25.05957436
A9129za,10yrs,Zone,59628,0,12.43,5.21,0.8,5.09,13.39,4.74,3.82,60.55,3.94,4.64,16.89089354,86.81857852,75.78742202,72.00943349,46.79226538,42.76563527,9.900046958,18.87668545,77.15709734,25.05957436
A9130za,01yr,Zone,63259,4.92,7.52,4.46,0.93,1.09,3.58,9.61,6.98,25.76,7.04,6.81,15.3602112,85.31764492,73.77551495,70.61445486,41.95407452,34.25637775,13.43396671,24.60905642,72.60115399,31.24792678
A9130za,05yrs,Zone,63259,4.92,7.52,4.46,0.93,1.09,3.58,9.61,6.98,25.76,7.04,6.81,15.3602112,85.31764492,73.77551495,70.61445486,41.95407452,34.25637775,13.43396671,24.60905642,72.60115399,31.24792678
A9130za,10yrs,Zone,63259,4.92,7.52,4.46,0.93,1.09,3.58,9.61,6.98,25.76,7.04,6.81,15.3602112,85.31764492,73.77551495,70.61445486,41.95407452,34.25637775,13.43396671,24.60905642,72.60115399,31.24792678
A9131za,01yr,Zone,62173,0,35.81,21.35,3.22,9.62,33.64,6.1,11.41,29.76,10.25,17.38,16.47388416,82.37133322,73.44954723,66.97352227,40.25248581,36.67887025,14.30677947,26.31746417,75.48090489,28.25349267
A9131za,05yrs,Zone,62173,0,35.81,21.35,3.22,9.62,33.64,6.1,11.41,29.76,10.25,17.38,16.47388416,82.37133322,73.44954723,66.97352227,40.25248581,36.67887025,14.30677947,26.31746417,75.48090489,28.25349267
A9131za,10yrs,Zone,62173,0,35.81,21.35,3.22,9.62,33.64,6.1,11.41,29.76,10.25,17.38,16.47388416,82.37133322,73.44954723,66.97352227,40.25248581,36.67887025,14.30677947,26.31746417,75.48090489,28.25349267
A9132za,01yr,Zone,55816,0,64.24,18.18,7.07,35.91,46.34,3.6,7.56,69.51,10.92,10.68,17.96955891,80.98204995,68.48040347,66.7071467,36.84122295,39.48940985,8.355179518,17.72723054,78.60819837,18.73993658
A9132za,05yrs,Zone,55816,0,64.24,18.18,7.07,35.91,46.34,3.6,7.56,69.51,10.92,10.68,17.96955891,80.98204995,68.48040347,66.7071467,36.84122295,39.48940985,8.355179518,17.72723054,78.60819837,18.73993658
A9132za,10yrs,Zone,55816,0,64.24,18.18,7.07,35.91,46.34,3.6,7.56,69.51,10.92,10.68,17.96955891,80.98204995,68.48040347,66.7071467,36.84122295,39.48940985,8.355179518,17.72723054,78.60819837,18.73993658
A9133za,01yr,Zone,56320,27.35,21.71,5.57,11.71,2.27,5.81,9.84,10.13,29.7,7.89,8.81,18.68304332,85.47503018,73.42037287,65.4720348,44.10197266,35.50173473,15.52222124,22.12283736,76.52175604,32.51267223
A9133za,05yrs,Zone,56320,27.35,21.71,5.57,11.71,2.27,5.81,9.84,10.13,29.7,7.89,8.81,18.68304332,85.47503018,73.42037287,65.4720348,44.10197266,35.50173473,15.52222124,22.12283736,76.52175604,32.51267223
A9133za,10yrs,Zone,56320,27.35,21.71,5.57,11.71,2.27,5.81,9.84,10.13,29.7,7.89,8.81,18.68304332,85.47503018,73.42037287,65.4720348,44.10197266,35.50173473,15.52222124,22.12283736,76.52175604,32.51267223
A9134za,01yr,Zone,58283,0,26.32,14.76,2.75,6.79,23.31,7.04,10.09,35.67,6.11,10.5,17.34336256,83.04999743,74.36943191,71.17683373,45.9070089,33.68004221,10.80327025,24.01571985,73.62758952,25.83027298
A9134za,05yrs,Zone,58283,0,26.32,14.76,2.75,6.79,23.31,7.04,10.09,35.67,6.11,10.5,17.34336256,83.04999743,74.36943191,71.17683373,45.9070089,33.68004221,10.80327025,24.01571985,73.62758952,25.83027298
A9134za,10yrs,Zone,58283,0,26.32,14.76,2.75,6.79,23.31,7.04,10.09,35.67,6.11,10.5,17.34336256,83.04999743,74.36943191,71.17683373,45.9070089,33.68004221,10.80327025,24.01571985,73.62758952,25.83027298
A9135za,01yr,Zone,60004,0,28.2,4.58,8.32,13.17,20.06,3.73,2.82,72.24,3.64,4.18,16.3530698,86.09034564,77.06632058,74.40011333,47.12729318,41.9939804,7.462024198,16.67989967,80.43243284,23.58203286
A9135za,05yrs,Zone,60004,0,28.2,4.58,8.32,13.17,20.06,3.73,2.82,72.24,3.64,4.18,16.3530698,86.09034564,77.06632058,74.40011333,47.12729318,41.9939804,7.462024198,16.67989967,80.43243284,23.58203286
A9135za,10yrs,Zone,60004,0,28.2,4.58,8.32,13.17,20.06,3.73,2.82,72.24,3.64,4.18,16.3530698,86.09034564,77.06632058,74.40011333,47.12729318,41.9939804,7.462024198,16.67989967,80.43243284,23.58203286
A9136za,01yr,Zone,57718,0,68.92,52.78,10.61,3.13,44.35,5.53,20.49,15.76,16.39,24.12,16.11162202,80.71958315,72.72722374,63.11754565,35.58437229,26.57531099,15.11152154,35.3407845,74.26705707,33.78790672
A9136za,05yrs,Zone,57718,0,68.92,52.78,10.61,3.13,44.35,5.53,20.49,15.76,16.39,24.12,16.11162202,80.71958315,72.72722374,63.11754565,35.58437229,26.57531099,15.11152154,35.3407845,74.26705707,33.78790672
A9136za,10yrs,Zone,57718,0,68.92,52.78,10.61,3.13,44.35,5.53,20.49,15.76,16.39,24.12,16.11162202,80.71958315,72.72722374,63.11754565,35.58437229,26.57531099,15.11152154,35.3407845,74.26705707,33.78790672
A9137za,01yr,Zone,57360,0.91,16.79,4.19,7.48,3.47,5.35,10.39,6.87,26.86,6.63,7.88,18.37461297,85.54399756,74.05762727,66.8856311,45.99839784,36.76563459,14.16169979,21.1375122,75.9639348,30.93687064
A9137za,05yrs,Zone,57360,0.91,16.79,4.19,7.48,3.47,5.35,10.39,6.87,26.86,6.63,7.88,18.37461297,85.54399756,74.05762727,66.8856311,45.99839784,36.76563459,14.16169979,21.1375122,75.9639348,30.93687064
A9137za,10yrs,Zone,57360,0.91,16.79,4.19,7.48,3.47,5.35,10.39,6.87,26.86,6.63,7.88,18.37461297,85.54399756,74.05762727,66.8856311,45.99839784,36.76563459,14.16169979,21.1375122,75.9639348,30.93687064
A9138za,01yr,Zone,61447,2.38,22.65,10.88,2.32,7.87,16.6,5.01,4.11,52.89,2.97,5.35,18.13742575,85.76289323,73.35405471,73.29644897,42.31832636,40.49036731,10.76712451,17.76824906,78.75946588,25.54666623
A9138za,05yrs,Zone,61447,2.38,22.65,10.88,2.32,7.87,16.6,5.01,4.11,52.89,2.97,5.35,18.13742575,85.76289323,73.35405471,73.29644897,42.31832636,40.49036731,10.76712451,17.76824906,78.75946588,25.54666623
A9138za,10yrs,Zone,61447,2.38,22.65,10.88,2.32,7.87,16.6,5.01,4.11,52.89,2.97,5.35,18.13742575,85.76289323,73.35405471,73.29644897,42.31832636,40.49036731,10.76712451,17.76824906,78.75946588,25.54666623
A9139za,01yr,Zone,60938,0,9.56,4.95,1.22,2.28,7.04,6.11,4.03,47.07,5.22,6.17,17.82641537,86.70959336,74.56360071,70.97643178,40.7400128,37.11705012,11.72646132,18.49101054,74.3027208,26.96735699
A9139za,05yrs,Zone,60938,0,9.56,4.95,1.22,2.28,7.04,6.11,4.03,47.07,5.22,6.17,17.82641537,86.70959336,74.56360071,70.97643178,40.7400128,37.11705012,11.72646132,18.49101054,74.3027208,26.96735699
A9139za,10yrs,Zone,60938,0,9.56,4.95,1.22,2.28,7.04,6.11,4.03,47.07,5.22,6.17,17.82641537,86.70959336,74.56360071,70.97643178,40.7400128,37.11705012,11.72646132,18.49101054,74.3027208,26.96735699
A9140za,01yr,Zone,52354,0,18.48,10.14,2.56,4.14,10.32,9.49,10.07,27.24,8.2,8.92,17.69906979,83.87395423,72.98278069,66.99212286,36.86825075,33.14045727,15.7117756,23.30476181,72.57346717,29.12557207
A9140za,05yrs,Zone,52354,0,18.48,10.14,2.56,4.14,10.32,9.49,10.07,27.24,8.2,8.92,17.69906979,83.87395423,72.98278069,66.99212286,36.86825075,33.14045727,15.7117756,23.30476181,72.57346717,29.12557207
A9140za,10yrs,Zone,52354,0,18.48,10.14,2.56,4.14,10.32,9.49,10.07,27.24,8.2,8.92,17.69906979,83.87395423,72.98278069,66.99212286,36.86825075,33.14045727,15.7117756,23.30476181,72.57346717,29.12557207
A9141za,01yr,Zone,65883,27.1,14.28,6.26,2.37,4.35,10.68,5.74,6.45,50.42,5.77,4.68,18.32128926,86.68591442,75.58717575,70.49413354,44.12700241,40.82235782,11.26749693,18.94997951,75.90879741,29.56524141
A9141za,05yrs,Zone,65883,27.1,14.28,6.26,2.37,4.35,10.68,5.74,6.45,50.42,5.77,4.68,18.32128926,86.68591442,75.58717575,70.49413354,44.12700241,40.82235782,11.26749693,18.94997951,75.90879741,29.56524141
A9141za,10yrs,Zone,65883,27.1,14.28,6.26,2.37,4.35,10.68,5.74,6.45,50.42,5.77,4.68,18.32128926,86.68591442,75.58717575,70.49413354,44.12700241,40.82235782,11.26749693,18.94997951,75.90879741,29.56524141
A9142za,01yr,Zone,76820,35.36,12.42,7.04,1.89,2.15,8.6,7.43,5.77,38.1,5.66,7.3,19.29924499,85.27889482,75.41767378,68.92157641,36.76915907,34.74983728,12.70054022,20.57986332,74.77400156,32.50538271
A9142za,05yrs,Zone,76820,35.36,12.42,7.04,1.89,2.15,8.6,7.43,5.77,38.1,5.66,7.3,19.29924499,85.27889482,75.41767378,68.92157641,36.76915907,34.74983728,12.70054022,20.57986332,74.77400156,32.50538271
A9142za,10yrs,Zone,76820,35.36,12.42,7.04,1.89,2.15,8.6,7.43,5.77,38.1,5.66,7.3,19.29924499,85.27889482,75.41767378,68.92157641,36.76915907,34.74983728,12.70054022,20.57986332,74.77400156,32.50538271
A9143za,01yr,Zone,65231,0,55.19,27.54,15.12,10.32,35.26,7.84,12.6,32.52,12.66,15.69,15.77929359,82.33351934,74.02245251,67.76021677,39.01868897,35.55106008,13.89014886,27.32773068,76.85029664,29.28354617
A9143za,05yrs,Zone,65231,0,55.19,27.54,15.12,10.32,35.26,7.84,12.6,32.52,12.66,15.69,15.77929359,82.33351934,74.02245251,67.76021677,39.01868897,35.55106008,13.89014886,27.32773068,76.85029664,29.28354617
A9143za,10yrs,Zone,65231,0,55.19,27.54,15.12,10.32,35.26,7.84,12.6,32.52,12.66,15.69,15.77929359,82.33351934,74.02245251,67.76021677,39.01868897,35.55106008,13.89014886,27.32773068,76.85029664,29.28354617
A9144za,01yr,Zone,65618,0.56,36.77,14.18,4.87,15.82,26.14,6.48,6.1,41.61,5.81,9.07,16.38609528,83.94462495,72.35655156,67.50287421,36.035728,34.95185315,12.06950075,22.26474595,74.89173245,26.61678655
A9144za,05yrs,Zone,65618,0.56,36.77,14.18,4.87,15.82,26.14,6.48,6.1,41.61,5.81,9.07,16.38609528,83.94462495,72.35655156,67.50287421,36.035728,34.95185315,12.06950075,22.26474595,74.89173245,26.61678655
A9144za,10yrs,Zone,65618,0.56,36.77,14.18,4.87,15.82,26.14,6.48,6.1,41.61,5.81,9.07,16.38609528,83.94462495,72.35655156,67.50287421,36.035728,34.95185315,12.06950075,22.26474595,74.89173245,26.61678655
A9145za,01yr,Zone,57823,0,11.71,7.22,1.93,1.35,7.2,12.49,7.53,28.45,8.35,9.61,14.78048182,85.25792678,74.65326427,70.71292565,42.29110907,34.67284645,12.10689172,24.62646352,72.70496515,30.43227608
A9145za,05yrs,Zone,57823,0,11.71,7.22,1.93,1.35,7.2,12.49,7.53,28.45,8.35,9.61,14.78048182,85.25792678,74.65326427,70.71292565,42.29110907,34.67284645,12.10689172,24.62646352,72.70496515,30.43227608
A9145za,10yrs,Zone,57823,0,11.71,7.22,1.93,1.35,7.2,12.49,7.53,28.45,8.35,9.61,14.78048182,85.25792678,74.65326427,70.71292565,42.29110907,34.67284645,12.10689172,24.62646352,72.70496515,30.43227608
A9146za,01yr,Zone,53035,32.55,56.03,26.08,25.43,0.88,13.89,12.05,26.78,11.59,20.71,16.82,16.87698501,78.63651928,73.16761007,62.27466956,36.43677194,26.48139593,22.34363156,37.7090544,76.22833002,40.59371924
A9146za,05yrs,Zone,53035,32.55,56.03,26.08,25.43,0.88,13.89,12.05,26.78,11.59,20.71,16.82,16.87698501,78.63651928,73.16761007,62.27466956,36.43677194,26.48139593,22.34363156,37.7090544,76.22833002,40.59371924
A9146za,10yrs,Zone,53035,32.55,56.03,26.08,25.43,0.88,13.89,12.05,26.78,11.59,20.71,16.82,16.87698501,78.63651928,73.16761007,62.27466956,36.43677194,26.48139593,22.34363156,37.7090544,76.22833002,40.59371924
A9147za,01yr,Zone,58186,0,59.05,19.68,30.18,6.91,29.87,6.69,12.08,29.07,8.09,12.64,16.28921906,85.00247654,77.51297735,69.93189943,37.36961468,30.98381741,12.65161895,24.1542261,77.35311759,28.01462895
A9147za,05yrs,Zone,58186,0,59.05,19.68,30.18,6.91,29.87,6.69,12.08,29.07,8.09,12.64,16.28921906,85.00247654,77.51297735,69.93189943,37.36961468,30.98381741,12.65161895,24.1542261,77.35311759,28.01462895
A9147za,10yrs,Zone,58186,0,59.05,19.68,30.18,6.91,29.87,6.69,12.08,29.07,8.09,12.64,16.28921906,85.00247654,77.51297735,69.93189943,37.36961468,30.98381741,12.65161895,24.1542261,77.35311759,28.01462895
A9148za,01yr,Zone,57604,0.61,11.5,6.54,2.7,1.17,6.4,14.6,10.78,18.16,8.33,6.5,13.68548017,83.87656239,75.46445212,69.74779529,40.02132144,32.47036317,13.68511388,28.33550448,71.43123741,31.26578363
A9148za,05yrs,Zone,57604,0.61,11.5,6.54,2.7,1.17,6.4,14.6,10.78,18.16,8.33,6.5,13.68548017,83.87656239,75.46445212,69.74779529,40.02132144,32.47036317,13.68511388,28.33550448,71.43123741,31.26578363
A9148za,10yrs,Zone,57604,0.61,11.5,6.54,2.7,1.17,6.4,14.6,10.78,18.16,8.33,6.5,13.68548017,83.87656239,75.46445212,69.74779529,40.02132144,32.47036317,13.68511388,28.33550448,71.43123741,31.26578363
B0118za,01yr,Zone,97265,17.45,13.1,6.22,4.36,0.87,5.58,10.63,10.77,29.38,10.39,8.79,16.63003547,81.69512569,77.95297383,72.55867578,48.96026011,40.69495708,15.04951524,24.69600576,76.05299028,32.4502596
B0118za,05yrs,Zone,97265,17.45,13.1,6.22,4.36,0.87,5.58,10.63,10.77,29.38,10.39,8.79,16.63003547,81.69512569,77.95297383,72.55867578,48.96026011,40.69495708,15.04951524,24.69600576,76.05299028,32.4502596
B0118za,10yrs,Zone,97265,17.45,13.1,6.22,4.36,0.87,5.58,10.63,10.77,29.38,10.39,8.79,16.63003547,81.69512569,77.95297383,72.55867578,48.96026011,40.69495708,15.04951524,24.69600576,76.05299028,32.4502596
B0146za,01yr,Zone,66083,45.3,23.22,6.82,13.53,0.84,5.24,13.26,14.14,19.9,13.47,9.71,16.25296218,82.17825916,75.89984111,68.23644508,47.14223779,31.02699181,17.73163597,29.58335578,74.39782244,36.06304345
B0146za,05yrs,Zone,66083,45.3,23.22,6.82,13.53,0.84,5.24,13.26,14.14,19.9,13.47,9.71,16.25296218,82.17825916,75.89984111,68.23644508,47.14223779,31.02699181,17.73163597,29.58335578,74.39782244,36.06304345
B0146za,10yrs,Zone,66083,45.3,23.22,6.82,13.53,0.84,5.24,13.26,14.14,19.9,13.47,9.71,16.25296218,82.17825916,75.89984111,68.23644508,47.14223779,31.02699181,17.73163597,29.58335578,74.39782244,36.06304345
